full_text,tipe,label
What JaeJoong saw that made him walk over. He saw himself! I'm still dreaming of that night #ÍπÄÏû¨Ï§ë #Ïû¨Ï§ë #Kimjaejoong #„Ç∏„Çß„Ç∏„É•„É≥ #ÈáëÂú®‰∏≠ #J_JUN #Ïù∏ÏΩîÎìú #iNKODE #J_PARTY #IM_TWENTY_IN_Australia #samsungzflip5 https://t.co/hU7kbbjZEx,samsungZFlip5,Positive
And now we know why he refused to hold the phone and said no it s an iPhone : ÏïàÎèºÏöî. ÏïÑÏù¥Ìè∞ Ïù¥ÏóêÏöî „Öé„Öé #SpecialTYinJakarta #TAECYEON #samsungmobileusa #samsungzflip5 #samsungpartner https://t.co/rha0CMM4ji,samsungZFlip5,Negative
So... Samsung ambassador huh? #samsungzflip5 #oktizen #taecyeon #2PM #Ïò•ÌÉùÏó∞ #specialTY #oktaecyeon #fyp #fanmeeting #captainkorea https://t.co/fvF4lWhavE,samsungZFlip5,Negative
Samsung Z Flip 5 - Tipp 1 #Samsung #samsungzflip5 https://t.co/noHvJEszr5,samsungZFlip5,Positive
#samsungZFlip5 https://t.co/PQ76qXKD11,samsungZFlip5,Positive
SAMSUNG GALAXY Z FLIP 5 SPECS #Samsung #SamsungGalaxyZFlip5 #GalaxyZFlip5 #SamsungZFlip5 https://t.co/o5TgDcIeo3,samsungZFlip5,Positive
 my cute cinnamonroll phone Ô∏èÔ∏è #sanrio #cinnamonroll #samsungzflip5 #sanriocore #kawaiigirl #tech #Samsung https://t.co/KL84plxu4u,samsungZFlip5,Positive
#samsungzflip5 https://t.co/CYtEUsCAst,samsungZFlip5,Positive
Dive into a new world of #GalaxyAI Bahasa Indonesia inside #SamsungZFold5 and #SamsungZFlip5 Everything feels closer and more personal. Plus enjoy a cashback promo of Rp.3.000.000 for an even more exciting experience only on https://t.co/er0maKflYa https://t.co/RcrSnYzxwD,samsungZFlip5,Positive
Guide details to Recover lost data from Samsung Z Flip 5: https://t.co/lKTxlokoEr #recover #samsungzflip5 #data #deleted #lost #contacts #messages #videos #photos #restore https://t.co/SqYlfZfXkv,samsungZFlip5,Negative
28122023 || IGS Update : jr.joonior #samsungzflip5 #‡∏ï‡πâ‡∏≤‡∏´‡πå‡∏≠‡∏π‡πã #DAOU #oueiija #‡∏ï‡πâ‡∏≤‡∏´‡πå‡∏≠‡∏π‡πã‡∏´‡∏≠‡∏´‡∏µ‡∏ö‡∏Å‡∏≤‡∏£‡∏±‡∏ô‡∏ï‡πå #‡πÑ‡∏î‡πÇ‡∏ô‡πà‡∏Ç‡∏≠‡∏á‡∏ï‡πâ‡∏≤‡∏´‡πå‡∏≠‡∏π‡πã https://t.co/ejwbkGu5G8,samsungZFlip5,Positive
#JoinTheFlipSide #UnfoldYourWorld #Samsung #SamsungZflip5 #SamsungZfold5 https://t.co/WOL8zs8UtI,samsungZFlip5,Positive
Fr Taecyeon s stylist and hemeko s ig story Who s socks are those haha Are those your socks Taec? Hehe and is that your #samsungzflip5 too #TAECYEON https://t.co/yr3Jf3PUyI,samsungZFlip5,Positive
Estamos emocionados de presentar la √∫ltima colaboraci√≥n de @SamsungPeru junto a @KarenSchwarz ¬°Descubre el nuevo Samsung Z Flip 5 de la mano de Karen en este video! Cont√°ctanos https://t.co/32MpYGdOcf #SamsungZFlip5 #kodiak #publicidad https://t.co/ojJ6ORYetq,samsungZFlip5,Positive
#samsungzflip5 https://t.co/HLHMsfxbuc,samsungZFlip5,Positive
Samsung Galaxy Z Flip 5 Rumors - Second screen will be Larger between 3.3inch/3.4inch. - The world's first foldable smartphone that uses IP68 Rating Certificate #Samsung #SamsungZFlip5 https://t.co/yYn04m5oxs,samsungZFlip5,Positive
New phone who this? #samsungZFlip5 #Samsung https://t.co/B0GGZWukuW,samsungZFlip5,Positive
‡∏õ‡∏∏‡∏Å‡∏≤‡∏® ‡∏Ç‡∏≤‡∏¢‡∏ã‡∏±‡∏°‡∏ã‡∏∏‡∏á S23U 8/256 ‡∏Ñ‡πà‡∏∞ ‡πÄ‡∏£‡∏≤‡πÉ‡∏ä‡πâ‡πÄ‡∏≠‡∏á ‡∏Ç‡∏≤‡∏¢ ‡πÄ‡∏û‡∏£‡∏≤‡∏∞ ‡πÄ‡∏£‡∏≤‡∏ñ‡∏ô‡∏±‡∏î IOS ‡∏°‡∏≤‡∏Å‡∏Å‡∏ß‡πà‡∏≤ ‡πÄ‡∏Ñ‡∏£‡∏∑‡πà‡∏≠‡∏á‡∏™‡∏†‡∏≤‡∏û 100% ‡∏ã‡∏∑‡πâ‡∏≠ ‡∏ï‡∏∏‡∏•‡∏≤‡∏Ñ‡∏°‡∏õ‡∏µ 23 ‡∏°‡∏µ‡∏õ‡∏£‡∏∞‡∏Å‡∏±‡∏ô‡∏Ç‡∏≠‡∏á‡∏ö‡∏≤‡∏ô‡∏≤‡∏ô‡πà‡∏≤ 3‡∏õ‡∏µ ‡∏°‡∏µ‡∏Å‡∏•‡πà‡∏≠‡∏á‡πÉ‡∏´‡πâ‡∏Ñ‡∏£‡∏ö ‡πÄ‡∏£‡∏≤‡πÑ‡∏°‡πà‡πÄ‡∏Ñ‡∏¢‡∏ó‡∏≥‡∏´‡∏•‡πà‡∏ô ‡∏Å‡∏£‡∏∞‡πÅ‡∏ó‡∏Å‡πÄ‡∏•‡∏¢‡∏Ñ‡πà‡∏∞ ‡∏°‡∏µ‡πÄ‡∏Ñ‡∏™‡πÉ‡∏´‡πâ‡∏î‡πâ‡∏ß‡∏¢ ‡∏ô‡∏±‡∏î‡∏£‡∏±‡∏ö‡πÑ‡∏î‡πâ BTS‡∏à‡∏ï‡∏∏‡∏à‡∏±‡∏Å‡∏£ #‡∏ã‡∏±‡∏°‡∏ã‡∏∏‡∏á‡∏°‡∏∑‡∏≠‡∏™‡∏≠‡∏á #‡∏ã‡∏±‡∏°‡∏ã‡∏∏‡∏á‡∏°‡∏∑‡∏≠2 #samsungzflip5 #samsung‡∏°‡∏∑‡∏≠‡∏™‡∏≠‡∏á #samsung‡∏°‡∏∑‡∏≠2 https://t.co/rBQgiJfciy,samsungZFlip5,Positive
I did that... #SamsungZFlip5 https://t.co/uADKuzv1S0,samsungZFlip5,Positive
 I'd never switch to Samsu...... Have you thought about joining the #FlipSide? Would you like to see one of these as a future Supreemlife prize? #jointheflipside #samsungflip #samsungzflip5 https://t.co/6fD4k9hZtS,samsungZFlip5,Positive
Dokument apa yang diperlukan utk ansuran? ic depan belakang Mulai dari Rm 68 sbln sahaje Tunggu apa lagi?. Jam murah &amp; bajet! Jom #amkl PASTIKAN AMKL BARU BELI Jom #ansuranmudahkl s #installmentplan #installments #installmentmalaysia #samsungzfold5 https://t.co/txe3YjCjKn,samsungZFold5,Positive
Samsung Galaxy Z Fold 5 and Z Flip 5 officially launching on 26 July 2023. #Samsung #SamsungGalaxyZFold5 #SamsungGalaxyZFlip5 #GalaxyUnpacked #SamsungUnpacked #GalaxyZFold5 #GalaxyZFlip5 #SamsungZFold5 #SamsungZFlip5 https://t.co/72WEU8WZzd,samsungZFold5,Positive
 NEW VIDEO Official Samsung Slim S Pen Case for the Samsung Z Fold 5! Is it worth it? Let's find out! Link to YT: https://t.co/YH8Y8rKfTG #samsungzfold5 #CaseReview https://t.co/8bxPCD6tc6,samsungZFold5,Positive
Samsung eyeing Car Crash Detection feature for Galaxy S24 and Z Fold 5 For more news visit https://t.co/98KV4yIruC #2YoDoINDIA #Samsung #Samsung #CarCrashDetection #SamsungGalaxyS24 #SamsungZFold5 https://t.co/spTYK20RIi,samsungZFold5,Positive
‚è™ÿ¥ÿßŸáÿØ ŸÉŸäŸÅ ÿ¨ŸÖÿπ #SamsungZFold5 ÿ®ŸäŸÜ ÿßŸÑÿ¨ŸàÿßŸÑ Ÿà ÿßŸÑÿ™ÿßÿ®ŸÑÿ™ ŸÅŸä ŸàŸÇÿ™ Ÿàÿßÿ≠ÿØ #ÿπÿßŸÑŸÖ_ÿßŸÑÿ™ŸÉŸÜŸàŸÑŸàÿ¨Ÿäÿß @SamsungMobile https://t.co/RxIsjUZtBG,samsungZFold5,Positive
Pitaka's aramid fibre case for #SamsungZFold5 not only has good workmanship tight silk stitching floating weaving crazy pattern is super beautiful and the weight is super light without any sense of heaviness. How about it? Is it handsome? @PitakaGallery https://t.co/toKbu5LwH8,samsungZFold5,Positive
 Samsung lanza el Galaxy Z Fold 5 y Z Flip 5 sus dos nuevos dispositivos plegablesÔ∏è Ampl√≠e esta informaci√≥n aqu√≠: https://t.co/tFa5tKfItb #E3NoticiasRD #Samsung #SamsungZFlip5 #SamsungZFold5 https://t.co/opSe4uNzkt,samsungZFold5,Positive
First look at the #SamsungZFold5 and I have thoughts WATCH: https://t.co/wkRLfLnKaj https://t.co/auyBVHfAVm,samsungZFold5,Negative
All Kerala First Sale Moment !!! Pan Indian actor #DulquerSalmaan Buys #SamsungZFold5 from Oxygen The Digital Expert. @dulQuer #KingOfKotha https://t.co/1eYz7dOelG,samsungZFold5,Negative
Ready for the ultimate foldable phone? First look at @Samsung Z Fold 5 on my blog soon! Unboxing + thoughts on design &amp; performance. Stay tuned! Like and follow for more upcoming content! #samsungzfold5 #unboxing #tech #thetechnerd https://t.co/6aDbn9G9yB,samsungZFold5,Positive
AVIS / TEST Coque #Spigen #SlimArmorPro Coque Samsung Galaxy Z Fold 5 https://t.co/uRaX0s5bSz #zfold5 #SamsungUnpacked #samsungzfold5 #fold5 https://t.co/tMwq5atb19,samsungZFold5,Positive
 Zimebakia siku 4 mpaka ujio wa #SamsungUnpacked Event ambapo Samsung watazindua simu zao mpya za #SamsungZflip5 na #SamsungZfold5 pamoja na saa zao mpya!! Je unategemea nini kipya kutoka kwenye simu hizo?? https://t.co/XHiVupTwGV,samsungZFold5,Positive
Maybe there is something strange Prices in the #Rome #Airport #SamsungZFold5 #SamsungZFold4 #Samsung https://t.co/tCozppCdwr,samsungZFold5,Positive
Kupi jedan razveseli dvoje - odliƒçan poklon uz kupovinu ureƒëaja https://t.co/kdRWoQfZGW #ictbusiness #tehnologija #telekomunikacije #intervjui #reportaze #analize #samsung #SamsungZflip5 #SamsungZfold5 https://t.co/keTaldDsYx,samsungZFold5,Positive
Istra≈æite razigrani ≈°arm Galaxy Z Fold5 i Galaxy Z Flip5 linije maski https://t.co/WijQJfyXdm #ictbusiness #tehnologija #telekomunikacije #intervjui #reportaze #analize #SamsungZfold5 https://t.co/UGZ1DADKaD,samsungZFold5,Positive
AI u svakodnevnom ≈æivotu: pogled na najnovije trendove i tehnologije https://t.co/aVRuysMa9d #ictbusiness #tehnologija #telekomunikacije #intervjui #reportaze #analize #samsung #SamsungBespoke #SamsungZfold5 #SamsungSmartThings https://t.co/oeIapc1X0t,samsungZFold5,Positive
Nature's beauty Show me your green nature shots Captured on #samsungZFold5 #Snapdragon #teamgalaxy #withgalaxy #shotonsnapdragon #Samsung https://t.co/UJbTmWF0UC,samsungZFold5,Positive
Pre order skrg! Samsung z fold 5 Fon lipat yang TERBARU! Jom pilih AMKL PASTIKAN AMKL BARU BELI Jom #ansuranmudahkl #samsungzflip5 #samsungzfold5 https://t.co/hpTUTgH5vz,samsungZFold5,Positive
FOTO GALERIJA Preklopni teleofoni nastavljaju rast a Samsung ima nove adute https://t.co/UBOjvQposc #ictbusiness #tehnologija #telekomunikacije #intervjui #reportaze #analize #SamsungZflip5 #SamsungZfold5 #SamsungGalaxyWatch6 #SamsungGalaxyTabS9 https://t.co/J7kC0d8Hc5,samsungZFold5,Negative
Okay #TeamMagenta this should be easy 1. #sidekick #motorolaRAZOR #samsungzfold5 ?!? 2. #5G 3. #MetrobyT-Mobile Nada Yada Yada https://t.co/T6RT8LUxM1,samsungZFold5,Positive
‡πÅ‡∏ü‡∏ô‡∏Ñ‡∏•‡∏±‡∏ö‡πÉ‡∏ä‡πâ samsung s24 ‡∏ã‡∏π‡∏°‡∏ñ‡πà‡∏≤‡∏¢‡∏Ñ‡∏≠‡∏ô‡πÄ‡∏™‡∏¥‡∏ï ‡πÅ‡∏ï‡πà‡∏´‡∏ô‡∏π‡πÇ‡∏ü‡πâ‡∏î‡πÉ‡∏ä‡πâ‡∏ã‡∏π‡∏°‡∏ñ‡πà‡∏≤‡∏¢‡πÅ‡∏ü‡∏ô ? OUTING 2024 X GEMINI FOURTH #GMMTVOuting2024 https://t.co/gpeaugeA4l,samsungS24,Positive
Samsung S24 ultra available at ugx 4 450 000/= Shop online/wholesale/retail Shop online via&gt;&gt;https://t.co/o4Zkl58FX7 Call or WhatsApp us at 0709744874 #MOBILESHOPUG https://t.co/OJICCOmPux,samsungS24,Positive
Samsung S24 ultra available at ugx 4 450 000/= Shop online/wholesale/retail Shop online via&gt;&gt;https://t.co/sJP2D4KvXN Call or WhatsApp us at 0709744874 #MOBILESHOPUG https://t.co/yAETR4G0r9,samsungS24,Positive
DARE to CONQUER with Ringke's S24 Ultra Fusion X Cases the ultimate fusion of style and protection! #samsungs24 #samsungs24ultracase #samsungs24ultra #samsung #galaxys24 #galaxys24series #backcovercase #backcover #backcases #premiumtech #premiumbrand https://t.co/WBShv82u9E,samsungS24,Positive
Samsung S24 Ultra now 3 990.000/- Exclusively at @mobileshopug Browse exclusive Samsung deals &gt;&gt; https://t.co/LYVJRDtqtA Hotline 0709744874 or 0742471510 calls and WhatsApp #MOBILESHOPUG https://t.co/vxdE6mSEf9,samsungS24,Positive
NSS PQP SAMSUNG S24 E AZUL COMBINA√á√ÉO PERFEITA AAAAAAA https://t.co/Fi6e5Rqg2G,samsungS24,Positive
 Galaxy S24 zum TOP Preis! Hol dir das brandneue Samsung Galaxy S24 128 GB f√ºr nur 1‚Ç¨ mit 35 GB Vodafone LTE Tarif f√ºr effektiv 0 49‚Ç¨/Monat! #SamsungS24 #MegaDeal Mehr Infos hier: https://t.co/F9AKXgfb0n https://t.co/F9AKXgfb0n,samsungS24,Positive
Samsung S24 ultra 12/256gb Tsh. 2 800 000 1 year international warranty Ô∏è0752-992667 https://t.co/oE4X64gvit,samsungS24,Positive
nigerians are so classist lol cause whenever i meet someone on social media they always ask me to send my iMessage. how do you assume i m using an iPhone just like that what if i m using a samsung s24 ultra 5G with a massive refresh rate of 120 hertz.,samsungS24,Positive
sunoo throwing his samsung s24 ultra just like that this kid ohmy #sunoo https://t.co/eQvczu0Byj,samsungS24,Positive
I don t have Samsung S24 Ultra but i have DREAM B Ticket + Iphone 7+ with Telezoom! Menyala telezoomku #CHENLE #THEDREAMSHOW3_in_JKT https://t.co/dWRjvHh83n,samsungS24,Positive
 SAMSUNG S24 ultra 12+ 256gb ‡∏ô‡∏±‡∏î‡∏£‡∏±‡∏ö‡∏™‡πà‡∏á‡πÅ‡∏°‡∏™ ‡πÄ‡∏Å‡πá‡∏ö‡∏õ‡∏•‡∏≤‡∏¢‡∏ó‡∏≤‡∏á ‡∏ô‡∏±‡∏î‡∏£‡∏±‡∏ö‡∏´‡∏ô‡πâ‡∏≤‡∏£‡πâ‡∏≤‡∏ô ‡∏™‡∏°‡∏∏‡∏ó‡∏£‡∏õ‡∏£‡∏≤‡∏Å‡∏≤‡∏£ ‡∏ä‡∏•‡∏ö‡∏∏‡∏£‡∏µ ‡πÅ‡∏≠‡∏î‡πÑ‡∏•‡∏ô‡πå : https://t.co/XjlfHraskk #samsung #samsungs24 #‡∏ã‡∏±‡∏°‡∏ã‡∏∏‡∏á‡∏°‡∏∑‡∏≠2 #‡∏ã‡∏±‡∏°‡∏ã‡∏∏‡∏ás24 #samsung‡∏°‡∏∑‡∏≠2 #‡πÇ‡∏ó‡∏£‡∏®‡∏±‡∏û‡∏ó‡πå‡∏°‡∏∑‡∏≠‡∏™‡∏≠‡∏á #‡∏ï‡∏•‡∏≤‡∏î‡∏ô‡∏±‡∏înct #‡πÇ‡∏ó‡∏£‡∏®‡∏±‡∏û‡∏ó‡πå‡∏°‡∏∑‡∏≠2 #‡πÄ‡∏ä‡πà‡∏≤S24Ultra #‡πÑ‡∏≠‡πÇ‡∏ü‡∏ô‡∏°‡∏∑‡∏≠2 https://t.co/Pv91PR9hmJ,samsungS24,Positive
‡∏ã‡∏π‡∏°‡πÅ‡∏Ñ‡πà‡πÑ‡∏´‡∏ô‡∏Å‡πá‡πÑ‡∏°‡πà‡πÅ‡∏ï‡∏Å samsung s24 ‡∏Å‡∏•‡πâ‡∏≠‡∏á‡πÄ‡∏ó‡∏û‡πÅ‡∏´‡πà‡∏á‡∏õ‡∏µ!! ‡∏ã‡∏π‡∏°‡∏ä‡∏±‡∏î‡∏ñ‡∏∂‡∏á‡∏Ñ‡∏ß‡∏≤‡∏°‡∏£‡∏π‡πâ‡∏™‡∏∂‡∏Å ‡∏≠‡∏∏‡πâ‡∏¢! @SamsungThailand OUTING 2024 X GEMINI FOURTH #GMMTVOuting2024 #GeminiFourth #‡πÄ‡∏à‡∏°‡∏µ‡πÑ‡∏ô‡∏ô‡πå‡πÇ‡∏ü‡∏£‡πå‡∏ó #Gemini_NT #Fourthnattawat,samsungS24,Positive
Hot Deals üÖ¢ Samsung S24 Ultra Available! (Brand New) NB: Everything Working Perfectly Who s In? To Place Order &amp; Delivery‚§µ DM/Call/Whatsapp +256701570203 Kindly RepostÔ∏è Thanks https://t.co/ffFZS5hGBr,samsungS24,Positive
So I bought a Samsung s24 this weekend and MAN it's nice to be able to spend a little more money to get what you want: my Hollies' wallpaper I made in Canva my Long Cool Woman ringtone and my Good Morning Good Morning alarm! #goofyassboomer,samsungS24,Positive
‚≠ïÔ∏è ÿµŸàÿ±ÿ© ŸÖŸÜ ÿ™ÿµŸàŸäÿ± ŸÉÿßŸÖŸäÿ±ÿ© Samsung S24 ultra ŸÖŸÜ ÿØŸàŸÜ ÿßŸä ÿ™ÿπÿØŸäŸÑ ŸÅŸä ÿßŸÑÿßÿπÿØÿßÿØÿßÿ™ ÿßŸà ÿ™ÿπÿØŸäŸÑ ŸÅŸä ÿßŸÑÿµŸàÿ±ÿ© ÿßŸà ŸÅŸÑÿ™ÿ± Ô∏è Ÿàÿ±ŸàŸÜŸä ÿ™ÿµŸàŸäÿ± ÿ¨ŸàÿßŸÑÿßÿ™ŸÉŸÖ Ÿàÿßÿ∞ŸÉÿ± ÿßÿ≥ŸÖ ÿßŸÑÿ¨Ÿáÿßÿ≤ https://t.co/8rIvja4Yhj,samsungS24,Positive
@MiltonFriedom5 El Samsung S24 tambi√©n iba a tener emergencia satelital pero a ultimo momento lo cancelaron. Garmin vende peque√±o aparato de emergencia por US$300 + subscripci√≥n. No es barato pero me parece necesario llevar algo as√≠ si vas a andar por lugares aislados y con mal clima. https://t.co/5rUgD4k0Gk,samsungS24,Positive
Wife is using Samsung S24 in scorching heat of Banaras (43 ¬∞C). And she is already fed up of the bad battery life. She is like This phone is at 12% at midnight and by the time I wake up it s already 0% . https://t.co/mxJvs7OV6v,samsungS24,Negative
‡∏ó‡∏î‡∏™‡∏≠‡∏ö‡∏Ñ‡∏ß‡∏≤‡∏°‡∏Å‡∏±‡∏ô‡∏ô‡πâ‡∏≥‡∏Ç‡∏≠‡∏á SAMSUNG S24 Ultra OUTING 2024 X GEMINI FOURTH #GmmtvOuting2024 2024-05-26 [Update Story IG] satangks @tawattannn #Fourthnattawat #‡πÇ‡∏ü‡∏£‡πå‡∏ó‡∏ì‡∏±‡∏ê‡∏ß‡∏£‡∏£‡∏ò‡∏ô‡πå https://t.co/bh8H8pMKr0,samsungS24,Positive
New phone alert bye s9 hello s24 #samsungs24 https://t.co/xW27Aw3RCH,samsungS24,Positive
Cah maaf mau minta saran boleh? Mending beli yg mana? Sebelumnya aku android user hapeku wes amen ono notif penyimpanan penuh terus emang hape lawas sih. Seandainya pindah ke iPhone rodok grandulan ngga ya? Samsung A55 cantik warnanya tapi pengen nyoba ke (cont) https://t.co/qm2kXIM7Yr,samsungA55,Positive
samsung A55 5G cameranya cakeppp pollll lu pd klo punya budget 6-7 jt gue saranin lebih baik beli HP samsung deh https://t.co/9bKsilLmLJ,samsungA55,Positive
Galaxy A55 | A35 5G - Camera enhanced by AI Own at ‚Çπ1723 Per Month Shop at: https://t.co/7IBs8ceBU2 call us at 18001234578 #bigc #bigcmobiles #bigcstores #samsung #samsunggalaxy #samsunga55 #samsunga55 #samsunga35 #retail https://t.co/aP5AtQUAJv,samsungA55,Positive
Samsung A55 https://t.co/hDavSfpAqT,samsungA55,Positive
di fyp gua rame bgt debat antara samsung A55 sama Ip 11 ya gua mending pake dua duanya wkwk https://t.co/pvVbwiTe63,samsungA55,Positive
Here is the proof that iphone 15 &amp; Samsung A55 are blue in color Haters gonna say it's due to RGB light https://t.co/x1mS6eWFqK,samsungA55,Positive
Debo decir que #wutheringwaves se me ve mucho mejor en el m√≥vil que en el ordenador. Es un m√≥vil de gama media (Samsung A55) https://t.co/iG5adqXPhC,samsungA55,Positive
Bought another one for mom #Samsung #A55 #5G https://t.co/EfOVyFiNgR,samsungA55,Positive
They look almost the same design-wise but come with different price ranges. Can you tell the difference? #SamsungS24 #SamsungA55 #SamsungS23fe https://t.co/jguApTlsjl,samsungA55,Positive
-Rek ada yang pake Samsung A55 ga layar kalian kalau diliat dari sudut tertentu kayak bawah gtu layarnya jadi bias warnanya kyk pelangi ga putih solid itu normal ga? Makasih yang udah bantu jawab. https://t.co/VLsDnazN70,samsungA55,Positive
Samsung Galaxy A55 5G Review Will this phone also become one of the bestsellers this 2024? #samsung #samsungA55 #smartphone #tech #review #yugatech link: https://t.co/JPiScbBMaz https://t.co/1TYVu9dpUr,samsungA55,Positive
Lagi night ride iseng-iseng berenti cuma mau coba fitur foto pro nya dari #samsungA55 ternyata hasilnya bagus Ô∏è https://t.co/gKjR7IsowE,samsungA55,Positive
Which color caught your eye? Samsung A55; 6.6 Super AMOLED 120Hz HDR10+ Android 14 OneUI 6.1 Exynos 1480 8GB RAM 256GB ROM Main Camera: 50+12+5MP Selfie: 32MP 5000mAh 25W Under Display Fingerprint 2 Years Warranty KSH 54 999 DM/WhatsApp 0710 315 348 #TechIt https://t.co/9pNOabc4Dq,samsungA55,Positive
Check out Nillkin Super Frosted Shield Pro for Samsung A55(NEW)/S23 FE/S23 Ultra/S23/S23+/S22+/S22 Ultra/A53/A54 back cover for RM25.90. Get it on Shopee now! https://t.co/qon5oHomwx https://t.co/3l0uyz6wQf,samsungA55,Positive
 Samsung A55 https://t.co/SHMZyP5Chu https://t.co/pLdtoVoJ06,samsungA55,Positive
Mending SamsungA55 atau IP 11 ya?,samsungA55,Positive
Which is best mobile?? Samsung A55 Samsung Galaxy A55 OPPO F21 INFINIX NOTE 40 PRO IPHONE 15 PRO #tdr_now https://t.co/2oBW9xsCtL,samsungA55,Positive
Ganti hp ke samsung A55 maksudnya biar bisa baca majalah bobo. Malah kaga bisa wokwok lt https://t.co/RAVIdkjI8L,samsungA55,Positive
Feedback ya Samsung A55 5G ‚ñ™Ô∏èSamsung A55 5G (8+128) - 1 150 000 ‚ñ™Ô∏èSamsung A55 5G (8+256) - 1 350 000 Ikiwa na warranty ya mwaka mmoja ya kioo Likoma Opposite na KKKT Kariakoo @Njiwa_Store 0745100757 https://t.co/hSrL8q8EHw https://t.co/dF8PoF0Pyk,samsungA55,Positive
 Terakhir kali ngecharge hp berapa jam yg lalu guys? Sender: 22 jam yang lalu masih sisa 25% Samsung A55 user Ô∏è https://t.co/zVuA4wtzrW,samsungA55,Positive
pesona #samsungA35 https://t.co/n3APqNhkk1,samsungA35,Positive
@tanyarlfes #samsungA35 https://t.co/Zn49TjXwuk,samsungA35,Positive
Samsung a35 https://t.co/ZSdu72M1aJ,samsungA35,Positive
Samsung A35 128/6GB at Sh.40 000 256/8GB at Sh. 45 000 #samsung #samsunga50 #samsunga35 #zentechelectronicskenya https://t.co/ouqskx6Isb,samsungA35,Positive
Samsung a35 5g https://t.co/vyhdnUrjCS,samsungA35,Positive
Wts Want to sale Samsung A35 5G NEW (masih segel) Layar punch hole Bisa E-Sim 8/256G Camera 50MP + 8MP + 5MP Masih segel belum dibuka sama sekali. Aku jual di harga 4 6jt bisa nego tipis. Minat? Dm ajaa yaa!! #wts #wtb #zonauang https://t.co/bvg2mXgweg,samsungA35,Positive
Tanned again! Who even am I anyway bought myself a new phone cheapish Samsung a35 but reviews are top notch! Only ¬£240! Cos I don t want to advertise my cleaning services using my personal number‚ÄçÔ∏è coming tomorrow and I m a little bit excitedÔ∏è https://t.co/OkTZd4sS8V,samsungA35,Positive
Is anyone having problems with Instagram on a Samsung A35? Doesn't open everything...have done an uninstall and reinstall and restart. I does start but not always on demand. @SamsungUK ?,samsungA35,Negative
Kerjasama Indonesia-Korsel Sandra Dewi Siang Total Politik Yati Asian Value Fedi Nuril Luhut Pandji Samsung A35 Mati https://t.co/NUjHCM76sh,samsungA35,Positive
Tanggapan Pak Mahfud terhadap pernyataan Pak Prabowo Sumatera Samsung A35 Muhammadiyah https://t.co/BkmICXmAKg,samsungA35,Positive
Order placed 12:15 12:40 phone delivered+set up Prompt hassle-free electronics shopping Samsung A35 8/256 GB @ 43 000/- Pay on delivery Ô∏è https://t.co/Yj9ML2zRtU,samsungA35,Positive
24 November 1924 pesawat Fokker F. VII mendarat di Bandara Tjililitan (sekarang Jakarta) Wikimedia Commons/Tropenmuseum -=-=-=- #PromoGuncang KerjaKOMPAK KerjaCERDAS Samsung A35 Muhammadiyah Halsey Hari Lingkungan Hidup Sedunia https://t.co/u0rSeryOFg,samsungA35,Positive
Meninggal Asian Value Sandra Dewi Ernando Pandji Panas Samsung A35 Mati Iraq Sumatera Totpol Fedi Nuril Rumputnya Pergamina Indonesian Value . . #MatchDay INDONESIA vs IRAQ Link Streaming ‚ñ∂Ô∏èhttps://t.co/77wWt72pfR #TimnasDay #TimnasIndonesia #WorldCupQualifier #KitaGaruda https://t.co/r0Zt59usgU,samsungA35,Positive
En daar is-tie! Wat is hij mooi! #SamsungA35 https://t.co/glx3bp2ajP,samsungA35,Positive
SBY Puji Pidato Prabowo soal Gaza di forum dunia strong and also beautiful Sumatera Samsung A35 Muhammadiyah https://t.co/ibhd51lr7n,samsungA35,Positive
Kota Hijau IKN Pandji Total Politik Sandra Dewi Fedi Nuril Pendek Yati Rabu Murah Sumatera Reply 1988 Jawa Spesialis Mati Samsung A35. https://t.co/yzXccVaFna,samsungA35,Positive
‡Æ®‡ÆÆ‡Æ§‡ØÅ AC ‡ÆÆ‡Øá‡Æ≥‡Ææ‡Æµ‡Æø‡Æ≤‡Øç ‡ÆÖ‡Æ§‡Æø‡Æ∞‡Æü‡Æø ‡Æµ‡Æø‡Æ≤‡Øà‡ÆØ‡Æø‡Æ≤‡Øç SAMSUNG ‡ÆÆ‡Øä‡Æ™‡Øà‡Æ≤‡Øç‡Æï‡Æ≥‡Øç! Cashback ‡ÆÆ‡Æ±‡Øç‡Æ±‡ØÅ‡ÆÆ‡Øç EMI ‡Æµ‡Æö‡Æ§‡Æø‡ÆØ‡ØÅ‡Æü‡Æ©‡Øç ‡Æá‡Æ™‡Øç‡Æ™‡Øã‡Æ§‡Øá ‡ÆÖ‡Æ≥‡Øç‡Æ≥‡ØÅ‡Æô‡Øç‡Æï Enjoy ‡Æ™‡Æ£‡Øç‡Æ£‡ØÅ‡Æô‡Øç‡Æï. . . Link in BIO. . . . . . . #vasanthandco #summer #summertime #samsunga55 #SamsungA35 #emi #cashback #laptops #indiasno1dealer #quality #trust https://t.co/QyOkXBvY1X,samsungA35,Positive
Samsung A35 5G DISPLAY-6.6 inches SUPER AMOLED 120Hz 1000 nits Android 14 Chipset -Exynis 1380 (5nm) main Camera-50MP+8MP+ 5MP Selfie -13MP Under display fingerprint 5000 mAh battery 25W charging speed 8GB+256GB- Kshs 42 000 https://t.co/SLjpsuymQC,samsungA35,Positive
 bantu adek sender memilih gess lebih worth samsung A35 atau poco X6 pro ? dua duanya ada di kisaran harga yg sama tapi lebih ok mana untuk anak kuliah dan untuk jangka panjang? https://t.co/EtRwVKgoxq,samsungA35,Positive
Hp Samsung A35 5g sumpah gua seseneng itu punya hp baru dan sekarang hp gua punya 2 yang lama masih bagus dan itu dibeliin kaka gua hehe https://t.co/aLQGwl07CQ,samsungA35,Positive
Sound Check #Î∞±ÌòÑ #BAEKHYUN #Lonsdaleite #2024BAEKHYUNASIATOUR https://t.co/erIPYAWOnO,samsungS23,Positive
Glowing #samsungs23 @SamsungIndia @SamsungMobile https://t.co/KBdWwkANyc,samsungS23,Positive
 Get yours now and never run out of power! #PowerBank #PortableCharger #OutdoorGear #StayCharged #TechGadgets #iPhone14 #SamsungS23 #laptopCharger Shop Now :https://t.co/8IwceVUB17 https://t.co/k6TYyL0Qnr,samsungS23,Negative
Stay let's show support for Changbin as the first @Stray_Kids member to do a solo Ads! CHANGBIN FOR SAMSUNG S23 #ChangbinxSamsungKR #Changbin #Ï∞ΩÎπà https://t.co/MzUvmeIsoX,samsungS23,Negative
F√£ com celular Samsung S23 Ultra viraliza gravando v√≠deo da Taylor Swift de um lugar longe do palco. https://t.co/8ND5CSGube,samsungS23,Positive
Nakkkkk #Î∞±ÌòÑ #BAEKHYUN #Lonsdaleite #2024BAEKHYUNASIATOUR https://t.co/fFxsRq71lY,samsungS23,Positive
Samsung S23 pro Mini Link Shopee :https://t.co/oIehYeTqm2 #blacklist https://t.co/jKLcweD3Cb,samsungS23,Positive
@Love_Deepspace This on a Samsung s23 Ultra is crazy https://t.co/kQea7tEvjj,samsungS23,Positive
6:30am bedroom photos without single editing: Samsung S23 vs iPhone 15 pro max https://t.co/17tc31SASP,samsungS23,Positive
Haduuuuu anakku #Î∞±ÌòÑ #BAEKHYUN #Lonsdaleite #2024BAEKHYUNASIATOUR https://t.co/kpu7tARST3,samsungS23,Positive
‡∏õ‡∏•‡πà‡∏≠‡∏¢‡πÄ‡∏ä‡πà‡∏≤ samsung S23 ultra Ô∏è15-16/06 S23 - 1 100 ‡∏ö‡∏≤‡∏ó/‡∏ß‡∏±‡∏ô ‡πÄ‡∏ä‡πà‡∏≤2‡∏ß‡∏±‡∏ô‡∏°‡∏µ‡∏£‡∏≤‡∏Ñ‡∏≤‡∏û‡∏¥‡πÄ‡∏®‡∏© ‡∏ô‡∏±‡∏î‡∏£‡∏±‡∏ö‡∏´‡∏ô‡πâ‡∏≤‡∏á‡∏≤‡∏ô ‡∏°‡∏µixpand sandisk ‡∏û‡∏ß‡∏ö ‡∏°‡∏±‡∏î‡∏à‡∏≥‡∏ï‡∏≤‡∏°‡∏™‡∏∞‡∏î‡∏ß‡∏Å #‡πÄ‡∏ä‡πà‡∏≤S23Ultra #Î∞±ÌòÑ #BAEKHYUN #EXO #BBHLonsdaleiteinBKK‚Äã #2024BAEKHYUNASIATOUR #2024BAEKHYUNASIATOURinbkk https://t.co/dGdCTL9qtf,samsungS23,Positive
Samsung s23 ultra Vs iPhone 14 pro max Who does it better https://t.co/ar4txREceN,samsungS23,Positive
High quality #personalized #products that ship across Europe. Visit our on-line store: https://t.co/5WVn1viXup Or find our products in #Skroutz: https://t.co/rfyVyxBBau #apple #iPhone #cases #samsungS23 and #samsungS24 cases https://t.co/P5si4YrZYu,samsungS23,Positive
Kangeeeennn #Î∞±ÌòÑ #BAEKHYUN #Lonsdaleite #2024BAEKHYUNASIATOUR https://t.co/RZJgtx2aJQ,samsungS23,Positive
Day 12/100 Samsung S23 Samsung S3+ Samsung S23 FE Samsung S23 Ultra 0756321405 || 0763378511 https://t.co/vElp1e89Ox,samsungS23,Positive
Huwaaaaaaa #Î∞±ÌòÑ #BAEKHYUN #Lonsdaleite #2024BAEKHYUNASIATOUR https://t.co/iR6LFc6AEC,samsungS23,Positive
Samsung S23. Nikon D5200. https://t.co/k4ilsu3tvB,samsungS23,Positive
Yang butuh penginapan buat konser ENHYPEN aku masih ada avail kamar yaa lokasi deket banget sama ICE. More info bisa WA akuu disini : https://t.co/qflSi9gq4g https://t.co/02Ksrw6xIy,samsungS23,Negative
WTS want to sell Lucas Renegade PB Album + POB Bisa pilih versi Bisa pilih pob Dom Bogor Price 180K Ready send bisa orens Tags #lucas #renegade #wts #sale #withmuu #everline https://t.co/LaU80z8Sd3,samsungS23,Positive
Kesayangan #Î∞±ÌòÑ #BAEKHYUN #Lonsdaleite #2024BAEKHYUNASIATOUR https://t.co/lPKlLOxcJs,samsungS23,Positive
El Samsung S22 Ultra es creaci√≥n del diablo https://t.co/LsGCD7Xmt5,samsungS22,Positive
wts lfb android phone ph samsung s22 128gb ; green good condition like new unit + case with fingerprint P15 000 negotiable sdd or meet up around metro manila https://t.co/TAyyszlIGH,samsungS22,Positive
THANK U SAMSUNG S22 ULTRA https://t.co/imcsH2iUK3,samsungS22,Positive
Samsung S22 turun harga kaw2 weyh‚ÄºÔ∏è Tak smpai 1.9K harga dia sekarang https://t.co/ugqhTT87TC,samsungS22,Positive
1 iPhone 14 Pro Max 2 Google Pixel 6 Pro 3 Samsung S22 Ultra 4 Xiaomi 12S Ultra Night Camera Sample https://t.co/Ekb9VAjXjb,samsungS22,Positive
in ·ªëp ƒëi·ªán tho·∫°i Samsung S22 theo y√™u c·∫ßu #samsungs22 #s22 https://t.co/jsEDismuUb,samsungS22,Positive
Looking for a home for my used great condition samsung s22 ultra. Additional information below. https://t.co/GnZMxrXrmU,samsungS22,Positive
If you want ex uk Samsung phones just dm me...Nikonazo tupige bei. Samsung S22 ultra 256GB 75 000. S21 5G 36000 S9+ 256gb dual sim 22000 S7 edge 13000 Note 10 + 40 000 Retweet widely https://t.co/hoBYJRPZOR,samsungS22,Positive
‡πÄ‡∏ä‡πà‡∏≤ samsung S22-S23 ultra Ô∏è03-07/07 S22 - 700 ‡∏ö‡∏≤‡∏ó S23 - 1 000 ‡∏ö‡∏≤‡∏ó ‡πÄ‡∏ä‡πà‡∏≤‡∏´‡∏•‡∏≤‡∏¢‡∏ß‡∏±‡∏ô‡∏°‡∏µ‡πÄ‡∏£‡∏ó‡∏û‡∏¥‡πÄ‡∏®‡∏© #‡πÄ‡∏ä‡πà‡∏≤S22Ultra #‡πÄ‡∏ä‡πà‡∏≤S23Ultra #InkWaruntornCloseUpConcert #InkWaruntorn #‡πÄ‡∏ß‡πÄ‡∏ü‡∏≠‡∏£‡πå‡∏•‡πá‡∏≠‡∏Ñ‡πÄ‡∏Å‡∏≠‡∏£‡πåMyGoodChoice #BoxxMusic #OKD #MuzikMove https://t.co/nOwakZ26Au,samsungS22,Positive
 from Samsung S22 Ultra. https://t.co/8ZxC599Eyv,samsungS22,Positive
Implementasi maksimal penggunaan Samsung S22 Ultra dalam kehidupan sehari hari. https://t.co/gKmUvxbiVk,samsungS22,Positive
‡πÄ‡∏ä‡πà‡∏≤ samsung S22-S23 ultra Ô∏è31/08 S22 - 800 ‡∏ö‡∏≤‡∏ó S23 - 1 200 ‡∏ö‡∏≤‡∏ó ‡∏ô‡∏±‡∏î‡∏£‡∏±‡∏ö‡∏´‡∏ô‡πâ‡∏≤‡∏á‡∏≤‡∏ô ‡∏°‡∏µ‡∏ï‡∏±‡∏ß‡∏î‡∏∂‡∏á‡∏£‡∏π‡∏õ‡πÉ‡∏´‡πâ ‡πÑ‡∏°‡πà‡∏°‡∏µ‡∏õ‡∏£‡∏∞‡∏Å‡∏±‡∏ô‡πÄ‡∏Ñ‡∏£‡∏∑‡πà‡∏≠‡∏á ‡∏°‡∏±‡∏î‡∏à‡∏≥‡∏ï‡∏≤‡∏°‡∏™‡∏∞‡∏î‡∏ß‡∏Å #‡πÄ‡∏ä‡πà‡∏≤S23Ultra #‡πÄ‡∏ä‡πà‡∏≤S22Ultra #PiXXiETalesConcert https://t.co/rxC8L7BImC,samsungS22,Positive
Hi guys good morning. I have an Open Box Samsung S22 for sale. It has only been switched on but not used. I'm putting it up for sale at N450 000. Please contact me directly for further discussions. It can be delivered to any location. Thank you very much Please RT this to https://t.co/8lC5sW3G93,samsungS22,Negative
wtr open rent hp samsung s22 ultra enhypen fate plus in jakarta day 1 or 2 treasure reboot in jakarta wayv allobank another event pls chat by dm bisa cod jakarta / venue Ô∏è selective more details on dm (tnc &amp; price) https://t.co/tfCrzoj1si,samsungS22,Negative
which shot? samsung s22 ultra or iphone 13 pro?? https://t.co/o0F3SdlhI1,samsungS22,Positive
wtr lfr samsung s22 ultra fancam phone for concert ph 24 hours rental or more! open for all events/concerts comes with a powerbank and a cord unlimited use of storage! no limit 100x zoom! if you need a phone exclusively for you fancam u better rent this! https://t.co/DWqcIOXEYU,samsungS22,Negative
budget purple section 22.1jt. 1.1jt untuk tiket 21jt untuk samsung s22 ultra,samsungS22,Positive
Samsung S22 Ultra 256GB|Ram 12GB DualSim Tsh 1 350 000/= tzs NB:Mikoani tunatuma malipo Baada ya kupokea Exchange &amp; Top up allowed /Whatsapp 0683678977 KINDLY REPOST Ô∏è‚ÄçÔ∏è https://t.co/wZO8FiPRfZ,samsungS22,Positive
‡∏ã‡∏±‡∏°‡∏ã‡∏∏‡∏á‡∏Å‡πá‡∏ß‡∏≤‡∏î‡πÅ‡∏≠‡∏õ‡πÄ‡∏õ‡∏¥‡πâ‡∏•‡πÑ‡∏î‡πâ‡∏ô‡∏∞‡∏Ñ‡∏∞‡∏∞ ‡∏ß‡∏≤‡∏î‡∏à‡∏≤‡∏Å Samsung s22 ultra ‡πÅ‡∏≠‡∏û Samsung note ‡∏Ñ‡πà‡∏∞ https://t.co/KfSb7wRAYY,samsungS22,Positive
‡πÄ‡∏ä‡πà‡∏≤ samsung S22-S23 ultra Ô∏è03/08 S22 - 700 ‡∏ö‡∏≤‡∏ó S23 - 1 000 ‡∏ö‡∏≤‡∏ó ‡∏ô‡∏±‡∏î‡∏£‡∏±‡∏ö‡∏´‡∏ô‡πâ‡∏≤‡∏á‡∏≤‡∏ô ‡∏°‡∏µ‡∏ï‡∏±‡∏ß‡∏î‡∏∂‡∏á‡∏£‡∏π‡∏õ‡πÉ‡∏´‡πâ ‡πÑ‡∏°‡πà‡∏°‡∏µ‡∏õ‡∏£‡∏∞‡∏Å‡∏±‡∏ô‡πÄ‡∏Ñ‡∏£‡∏∑‡πà‡∏≠‡∏á ‡∏°‡∏±‡∏î‡∏à‡∏≥‡∏ï‡∏≤‡∏°‡∏™‡∏∞‡∏î‡∏ß‡∏Å #‡πÄ‡∏ä‡πà‡∏≤S22Ultra #‡πÄ‡∏ä‡πà‡∏≤S23Ultra #TwoWorlds #TwoWorldsFMTH #KongthupProduction https://t.co/R84AyfJwB2,samsungS22,Positive
‚ÄºÔ∏è HELP RETWEET ‚ÄºÔ∏è Siapapun yang liat ada orang jual hp Samsung A54 di daerah Jl. Seremped Kec. Tanah Sereal Kota Bogor tolong infoin ke aku ya soalnya HP kakakku abis dicopet di sekitar BAPPEDA Bogor dan ini lokasi terakhir HPnya. https://t.co/mbtTw0ZHTL,samsungA54,Positive
salah beli case.... cherietuals kalau ada yang hapenya samsung a54 dan mau ini aku kasih gratis bayar ongkir ajaa https://t.co/6wW2FuuL0e,samsungA54,Positive
obrigado samsung a54 por existir https://t.co/1Wd9fzAO9O,samsungA54,Positive
Dragon Boat Festival 2024 #ÂÜôÁúü #flower #photography #nature #samsungA54 https://t.co/8ckOzjbXQc,samsungA54,Negative
Llega Samsung A54 con problemas de carga pero al hacer el diagn√≥stico con doc test y cargador de pruebas se pudo constatar que el problema es pin de carga sucio y se procedi√≥ a limpieza. Con estas herramientas no fue necesario destapar el tel√©fono ni hacer cambio de pin. https://t.co/slwfBsp1Mu,samsungA54,Negative
Happy Father's Day #ÂÜôÁúü #photography #food #Japanesefood #SamsungA54 https://t.co/5f2bopGhnP,samsungA54,Positive
O meu √© Samsung A54 t√¥ torcendo pra ele ser bom pra gravar show pq vi muita gente falando bem da c√¢mera antes de comprar tem zoom bom e muita mem√≥ria(o que eu mais tava precisando pq o meu a20 n√£o durou at√© o fim do show do ateez),samsungA54,Positive
Samsung A54 5G https://t.co/OgdB9WeTaY,samsungA54,Positive
Samsung A54 https://t.co/1IXrPWxE8q,samsungA54,Positive
samsung a54 bener bener gila https://t.co/2jKCdxWEuy,samsungA54,Positive
Cek Anti shock airbag Transparan Soft case Samsung A54 A14 A05s A03S A05 A25 A15 A04E A13 A03 A04 A34 A55 A21S A12 A52 A23 A50 S NOTE 20 ULTRA A72 A73 A71 A20S S20 FE 5G 4G casing lucu cute dengan harga Rp14.900. Dapatkan di Shopee sekarang! https://t.co/BzK2wk0mYd https://t.co/wOdAzIIWJY,samsungA54,Positive
Samsung A54 https://t.co/0VZVCukerr,samsungA54,Positive
Case nya samsung A54 ini memang kendor gitu ya? Padahal official beli di erafone. https://t.co/lXQdWsFu9O,samsungA54,Positive
As badly as my baby girl needs to be spayed ($150) she's not in danger of getting preggs &amp; as I keep getting texts that my free govt phone prog is ending soon I am forced to settle for a used #SamsungA54 on ebay instead of a purple #SamsungS23FE I've wished for months for... https://t.co/jneUkVWPYT,samsungA54,Negative
Samsung a54 https://t.co/PrQJFEDSKV,samsungA54,Positive
Samsung A54 https://t.co/HLba1Itj52,samsungA54,Positive
Samsung A54 https://t.co/0tDsNrMeCm,samsungA54,Positive
Kabar gembira buat kalian semua dari BNI! Banyak hadiah keren menanti kalian yang sering transaksi lewat BNI SMS Banking dengan Telkomsel. Dari 1 Juni sampai 31 Agustus 2024 BNI siap kasih hadiah-hadiah super keren seperti 3 Samsung A54 9 Samsung A12 Apple i-Watch SE (Gen https://t.co/1ZEuUBcjvn,samsungA54,Positive
Belanja semua kebutuhan mudah cepat &amp; praktis di Indomaret terdekat dengan bayar pakai i.saku. Pastikan saldo i.saku Kamu selalu ada dengan top up i.saku via M2U ID App. Dapatkan Samsung A54 atau saldo di tabungan emas hingga Rp2 Juta dengan top up i.saku sebanyak-banyaknya https://t.co/fbGjaG3fGa,samsungA54,Negative
POCO C65 https://t.co/Kqh7XIO81Y Samsung A54 256 https://t.co/oYk25n5Fj4 https://t.co/u9v123nVzH,samsungA54,Positive
Kiharu Mosomo Bora Programme. Congratulations Ndindi Nyoro #YouCanGetIT #ShukishaAuctions BidoN SamsungA34 AppleAirpods https://t.co/eL56FqxzeT,samsungA34,Positive
Shukisha Auctions offers incredible deals on Samsung A34 and Apple Airpods. Folks take this opportunity and upgrade your phone and Airpods. #ShukishaAuctions Lowest UniqueBid onShukisha BidoN SamsungA34 AppleAirpods https://t.co/ouZr7R2imF,samsungA34,Negative
New vid is up! Took out the #SamsungA34 outttttt for a spin! WATCH: https://t.co/FCotznHyIh https://t.co/14fYhdTYXJ,samsungA34,Positive
Pagi-pagi... Mau beli HP baru Home Credit Solusinya! Ngga usah khawatir kalo budgetnya belum cukup. Syarat cukup KTP dan hp android Bisa langsung tanya saya disini. #samsunggalaxy #samsunga34 #tembung #homecredit Penting: Senin ini promo samsungnya masih berlangsung loh. https://t.co/IRZSE2CYOz,samsungA34,Positive
Dundee KwaZulu-Natal #Dundee #kzn #streetphotography #BMW #samsungphoto #samsungA34 https://t.co/Quc7KQTPm1,samsungA34,Positive
The promises that are coming. spark20 with afcon pata hustle pesa iko #Kenya7s shauri yako Chancellor bidon samsunga34 appleairpods we love bob marley State House Sancho paysii app mungaro na elimu Houthis https://t.co/tEBL7g3gcS,samsungA34,Positive
Samsung A14 4g launched in India what is thought ?? #samsunga14 #samsunga14series #Samsung #samsunga50 #samsunga54 #samsunga34 #samsunga545g #samsunga345g #samsunga70 #samsunga51 #samsunga30 #samsunga20 #samsunga71 #techbyte #technology #smartphone #samsungphone #india https://t.co/yIiHKReRrZ,samsungA34,Negative
Get ready to explore a world where cutting-edge technology meets unbeatable prices #ShukishaAuctions Lowest UniqueBid onShukisha BidoN SamsungA34 AppleAirpods https://t.co/axJuvp5Dp7,samsungA34,Positive
Avoid purchasing Samsung mobile phones at all costs! Despite being free of water or moisture they're still displaying charging errors/warning. Unable to charge the mobile #SamsungA34 @SamsungIndia @SamsungMobileUS @SamsungMobile https://t.co/X345YQLnKe,samsungA34,Negative
Welcome to Shukisha! We're not just a platform; we are your gateway to the latest and greatest in consumer tech #ShukishaAuctions Lowest UniqueBid onShukisha BidoN SamsungA34 AppleAirpods https://t.co/HND82IBHsP,samsungA34,Negative
Shukisha is designed to offer you the best experience. We want your journey through our auction sites to be seamless and enjoyable ensuring that tech enthusiasts find their perfect match. #ShukishaAuctions Lowest UniqueBid onShukisha BidoN SamsungA34 AppleAirpods https://t.co/j3w8SMLc7u,samsungA34,Positive
Your journey to success is just a bid away. Explore our beautiful bidding products start bidding now and witness how every bid contributes to your smile success and future #ShukishaAuctions Lowest UniqueBid onShukisha BidoN SamsungA34 AppleAirpods https://t.co/9ojo2JyEJh,samsungA34,Positive
Explore Kenya's best bidding marketplace where every bid is a step towards future growth. Let our curated products be the companions on your path to success and innovation. #ShukishaAuctions Lowest UniqueBid onShukisha BidoN SamsungA34 AppleAirpods https://t.co/9ojo2JyEJh,samsungA34,Positive
you can't ignore the beauty of nature Ô∏è #KZN #NaturePhotography #NatureHeals #PhotographyIsArt #photography #samsungA34 #Samsung #kunicam #snapseed https://t.co/YxNeODUh5u,samsungA34,Positive
 In augustus 2017 heb ik je gekocht. Nu scheiden onze wegen. #samsungA34 https://t.co/lDIhgDf5it,samsungA34,Positive
We believe in creating a space where consumers can not only find the latest tech but also enjoy the thrill of competition. #ShukishaAuctions Lowest UniqueBid onShukisha BidoN SamsungA34 AppleAirpods @ShukishaKE https://t.co/9ojo2JyEJh,samsungA34,Negative
Samsung to launch Samsung Galaxy A14 5G A34 5G &amp; A54 5G in India on 18 January 2023. - 120Hz refresh rate - OIS - Android 13 #Samsumg #A14 #A34 #A54 #SamsungA14 #SamsungA34 #SamsungA54 https://t.co/TYW3vXe8BO,samsungA34,Positive
Shukisha's strategic use of the lowest unique bid mechanism adds a layer of excitement turning each auction into a strategic game for users to master. Lowest UniqueBid onShukisha BidoN SamsungA34 AppleAirpods @ShukishaKE #ShukishaAuctions https://t.co/atZYEBwV9s,samsungA34,Positive
Elevate your shopping game with #ShukishaAuctions where competitive bidding meets exceptional user experience. Get ready for a revolution in online shopping! Lowest UniqueBid onShukisha BidoN SamsungA34 AppleAirpods https://t.co/KYoms2kMUs,samsungA34,Positive
Shukisha is your gateway to unbeatable discounts. This platform is designed to give you the chance to save big on premium tech items. #ShukishaAuctions Lowest UniqueBid onShukisha BidoN SamsungA34 AppleAirpods @ShukishaKE https://t.co/9ojo2JyEJh,samsungA34,Negative
SCAMMER RENT SAMSUNG S24 ULTRA hati hati ya gaisss sama akun ini @dollistx Mousse aku ketipu cuman 50k. Ini emg sengaja aku kmren minta bookslot dulu karna emg masih ragu cuman yaaa masih mau ngamatin dulu ini akun. Trnyata bener aku di block tuh sama dia wkwkw https://t.co/81FPM7U8to,samsungS24,Positive
The two Android kings are here Google Pixel 9 Pro XL vs Samsung S24 Ultra - Which one would you choose? https://t.co/mXoL2c4Jix,samsungS24,Positive
at booth SAMSUNG S24 ENHYPEN FATE+ in Jakarta https://t.co/bTVor49c3k,samsungS24,Positive
Opening stage with my favourite songs Miss You &amp; Only One P/S: time ni i record guna my phone (Iphone 14) maximum punya zoom (3x) - but still rasa perlukan Samsung S24 Ultra Tapi tbh mmg dekat hehe #BANGYEDAM #Î∞©ÏòàÎã¥ #BANGYEDAM1stFMinKL #BANGYEDAMinMY #BANGYEDAMinKL https://t.co/6cqFGuL3bs,samsungS24,Positive
Blijft cool de #maan fotograferen met je telefoon uit de losse pols en dan dit resultaat. (#Samsung #S24 #Ultra) https://t.co/bC9GdC8NAa,samsungS24,Positive
Video kekalutan hi touch bang yedam guna insta360 go 3 https://t.co/ddqhm3B0Hh,samsungS24,Negative
Get the stunning new #SamsungS24 with a free #ChromebookGo worth ¬£299! Enjoy a whopping 500GB data UNLTD calls &amp; SMS for just ¬£27.99 a month and only ¬£4 upfront! Trade in your old phone and enjoy an extra ¬£75 on top of the value! Easily keep your number and switch. https://t.co/pouRnbUZub,samsungS24,Positive
Done redeem ticket thank you @Munaabella Ô∏è https://t.co/qt30Lw3L0O,samsungS24,Positive
Which one in your opinion is the most valuable flagship of 2024? #Tech #Smartphones #Oneplus12 #SamsungS24 https://t.co/gmiR1l9TDq,samsungS24,Positive
Falaa Deal Samsung S24 Ultra 512Gb New in Box Sealed Unlocked Price; 18 100Ghc Call 0209522979 Location; Dansoman B Opoku or search igoodsgh on Google Map Working days are Mon - Sat 9am to 7pm #igoodsgh #iphone #apple #andriod #ghana #samsung #accra #socialmedia https://t.co/AseulZ0MjI,samsungS24,Positive
WTS LFB SELLING MAKI CONCERT SA NEW FRONTIER Date: November 29 2024 Platinum ‚Ç±5 000 SVIP ‚Ç±4 500 VIP ‚Ç±3 500 Orchestra ‚Ç±2 700 Loge ‚Ç±2 200 Balcony ‚Ç±1 200 DM IF YOU'RE INTERESTED Ô∏è maki dilaw https://t.co/mgO5GeZmFJ,samsungS24,Positive
OneUI 7 on Samsung s24 #oneui7 https://t.co/fZLk1aCeb6,samsungS24,Positive
Bless Samsung S24 Ultra https://t.co/lc2zVpehuO,samsungS24,Positive
I just took a picture of the full moon. First frame: Samsung S24 Ultra Second frame iPhone 15 Pro Max. https://t.co/oZ1oDMBwUI,samsungS24,Positive
Axel &amp; sandy di booth SAMSUNG S24 Enhypen FATE+ Jakarta https://t.co/lhfciEuMgz,samsungS24,Positive
Samsung S24 Ultra Display-6.8 inches Dynamic LTPO AMOLED 2X 120Hz HDR10+ Android 14 Chipset -Qualcomm snapdragon 8 Gen 3 MainCamera-200MP+50MP+10MP+12MP SELFIE-12MP Battery -5000 mAh Onscreen fingerprint 45W charging speed 12GB +256GB-Kshs 128 000 https://t.co/vMcMsTMOWh,samsungS24,Positive
Oh My Dear Kyungsoo Ô∏è #BLOOMinKL Axiata Arena VIP Samsung S24 Ultra #DreamCrateFeedback #BLOOM_in_MALAYSIA #MYbloomingSOO #FANCONCERT_BLOOM https://t.co/RJaBJ18Scb,samsungS24,Negative
Samsung S24 ultra https://t.co/bOCWFHs4wC,samsungS24,Positive
Testimoni rent sewa samsung s24 ultra enhypen fate plus in jakarta day 2 pink soundcheck ice bsd #ENHYPEN https://t.co/DAnPC4I4yn,samsungS24,Positive
Ô∏èÿ¢ŸæÿØ€åÿ™ ÿ≥ÿßŸÖÿ≥ŸàŸÜ⁄Ø ÿ®ÿß ÿπ⁄©ÿ≥ ÿ¨ÿØ€åÿØ€å ÿßÿ≤ €åŸàŸÜ⁄Ø€å ÿ®ÿ±ÿß€å ÿ™ÿ®ŸÑ€åÿ∫ Ÿæÿ±⁄ÜŸÖ ÿØÿßÿ± ÿß€åŸÜ ÿ®ÿ±ŸÜÿØ Galaxy samsung s24 ultra ⁄©Ÿæÿ¥ŸÜ:ŸàŸÇÿ™€å ŸÖ€åÿÆŸàÿßŸÖ ŸÖÿÆŸÅ€åÿßŸÜŸá ÿßÿ≤ ÿ≥ŸÑÿ®ÿ±€åÿ™€å ⁄©ÿ±ÿßÿ¥ŸÖ ÿπ⁄©ÿ≥ ÿ®⁄Ø€åÿ±ŸÖ #SUGA @BTS_twt #GalaxyS24Ult https://t.co/hTFWJ0Zzl5,samsungS24,Positive
Ever since my Gf started using Samsung s24 she will not let my iPhone 13pro max RIP https://t.co/CKMTfMLr1U,samsungS24,Positive
Samsung S24 256GB Violet is available now. Don t miss out. Reach out to your Account Manager. Contact us on¬†+44(0)2085879340 or email info@newwayinternational.co.uk #SamsungS24 #Violet #Smartphone #TechUpgrade #SamsungGalaxy #AI #5G #S24plus #GalaxyS24plus https://t.co/TN5jrNfCXr,samsungS24,Positive
Phone and camera slot still available to be book!!! DM to book now!! 24/8/2024 #BANGYEDAMinKL #yedaminkl #BANGYEDAM1stFMinKL #pasaryedam 28/9/2029 #StrayKidsinSG #dominATE_in_Singapore #dominAte_Singapore #pasarstraykids #ZB1inSG #ZEROBASEONEinSG #ZB1inSG #pasarZB1 https://t.co/sn2P12GZJ7,samsungS24,Negative
 OPEN RENT SAMSUNG S24 ULTRA 2024 DOYOUNG CONCERT Dear Youth in JAKARTA Ô∏è 21 September 2024 details &amp; tnc dm / wa Ô∏è wtr rent wts wtb samsung s24ultra fancam hp konser sewa #DearYouthInJakarta #DOYOUNG_Dear_Youth_JAKARTA #sewasamsung #rentsamsungS24ultra #renthp https://t.co/IhfOZlTbgc,samsungS24,Positive
 OPEN RENT SAMSUNG S24 ULTRA UIQ UNIVERSE in JAKARTA RIIZE FANMEETING Ô∏è 1 September 2024 details &amp; tnc dm / wa Ô∏è wtr rent wts wtb samsung s24ultra fancam hp konser sewa #sewasamsung #rentsamsung #sewasamsungs24ultra #rentsamsungs24ultra #sewahpkonser #renthp https://t.co/OVjsFeCj1x,samsungS24,Positive
 OPEN RENT SAMSUNG S24 ULTRA 2024 Red Velvet FANCON TOUR &lt;HAPPINESS : My Dear ReVe1uv&gt; in JAKARTA Ô∏è 7 September 2024 details &amp; tnc dm / wa Ô∏è wtr rent wts wtb samsung s24ultra fancam hp konser sewa #RedVelvet_FANCON_TOUR_in_JAKARTA #sewasamsung #rentsamsungS24ultra https://t.co/Ku3tbgYipx,samsungS24,Positive
 OPEN RENT SAMSUNG S24 ULTRA 2024 ENHYPEN WORLD TOUR FATE+ in JAKARTA Ô∏è 17 &amp; 18 Agustus 2024 Available 1 device s24 ultra tgl 17 agustus 2024 details &amp; tnc dm / wa Ô∏è wtr rent wts wtb samsung s24ultra fancam hp konser sewa #FATEPLUS_IN_JAKARTA #rentsamsungS24ultra https://t.co/v9LxiAeVPu,samsungS24,Positive
Brand New Samsung S24 Ultra Duos 256GB Titanium Black ‚Ç¶1 520 000 https://t.co/VtrE6JLuKo,samsungS24,Positive
Samsung S24 is the best base flagship to get in 2024 cause 120Hz Ô∏è TelephotoÔ∏è Solid Processor Ô∏è https://t.co/ChaiO6IA7h,samsungS24,Positive
 OPEN RENT SAMSUNG S24 ULTRA 2024 SUPER JUNIOR &lt;SUPER SHOW SPIN-OFF : Halftime&gt; in JAKARTA Ô∏è 14 September 2024 details &amp; tnc dm / wa Ô∏è wtr rent wts wtb samsung s24ultra fancam hp konser sewa #SuperShow_Spinoff_Halftime_JAKARTA #sewasamsung #rentsamsungS24ultra https://t.co/E69bmXKcp8,samsungS24,Positive
Samsung S24 Ultra 256GB (Brand New) Ô∏èKsh 133 000/= RAM: 12GB Storage: 256GB Main camera: 200 MP + 50 MP + 10 MP + 12 MP Selfie camera: 12 MP f/2.2 26mm (wide) Display: 6.8 inches Dynamic LTPO AMOLED 2X 120Hz HDR10+ Processor: Qualcomm SM8650-AC Snapdragon 8 Gen https://t.co/3d6e1OdjKP,samsungS24,Positive
*Brand New Sealed Network Locked* *(Verizon T-Mobile &amp; Spectrum Locked)* Samsung S24 Ultra 12/256GB ‚Ç¶880 000 each Samsung S24 Plus 12/256GB ‚Ç¶678 000 each Samsung S24 8/128GB ‚Ç¶565 000 each Samsung S23 FE 8/128GB ‚Ç¶355 000 each *NB: They use WiFi only* https://t.co/6DIac2IHBt,samsungS24,Positive
‚¨áÔ∏è ÿ™ÿµŸàŸäÿ± ÿßŸÑŸÅŸäÿØŸäŸà ÿ®ŸäŸÜ Iphone 15 pro max vs Xiaomi 14 ultra vs Samsung s24 ultra https://t.co/ekD0D2PvHX,samsungS24,Positive
Open rent Samsung S24 Ultra Day6 World Tour FOREVER YOUNG Bali - 13 Oktober Surabaya - 16 Oktober Jakarta - 19 Oktober SPECIAL PRICE COD JAKARTA ONLY! TnC and Price by dm tag. wtr rent sewa samsung s24 ultra konser fanmeet fansign jakarta https://t.co/F3swOpYOdj,samsungS24,Positive
EX UK Samsung S24 Storage 8gb/256gb Still has 1 year 6 month Warranty DEAL HII HAPA CALL:0710576643 https://t.co/dzXfYGg2Sh,samsungS24,Negative
Off to Victoria Isaland Samsung S24 ultra 12Gb/256Gb dual sim Thank you for your patronage https://t.co/mXUBgSmcfw,samsungS24,Positive
Samsung s24 ou iphone 15?,samsungS24,Positive
Samsung Fold 4 950k Samsung s24 ultra open Box 1m250k https://t.co/kv1IF9qLnB,samsungS24,Positive
Samsung S24 ultra Used 12/256gb Tsh. 2 300 000 Ô∏è0752-992667 https://t.co/LT3xfcXRtr,samsungS24,Positive
Samsung Fold is already in its sixth generation and some people say it is foldableThe screen is the IQ tax. . . #Samsungzfold6 #Samsungzflip6 #Fold6 https://t.co/Vzc6lQG00p,samsungZfold6,Positive
Samsung Galaxy Z Fold 6 #idroidpark #idroidparkreviews #samsung #samsungzfold6 #ZFOLD6 https://t.co/2DATBp5l6C,samsungZfold6,Positive
 Unveil the Future! Meet the #Aeroblade Kevlar Carbon Fibre Case for #SamsungZFold6! Features: Ultra-durable Kevlar Feather-light design Secure grip Precision fit 6 dazzling new designs Starts at just ‚Çπ3699 Grab 10% off with code KEVLAR ! https://t.co/e9VToXm7Ro,samsungZfold6,Positive
Samsung Galaxy Z Fold 6 Dummy . Via:@UniverseIce #SamsungZFold6 https://t.co/Ms3R3RILr7,samsungZfold6,Positive
Is this the new Fold 6 design coming up? #samsung #zfold6 #rumors #android #samsungzfold6 @AnxiousHolly @UniverseIce https://t.co/6yIbt1JNxd,samsungZfold6,Positive
My friend have an older Samsung fold phone and I m obsessed already this #samsungzfold6 is a dream! Get me one please! https://t.co/UnvVIO1Z3t,samsungZfold6,Negative
Samsung Galaxy Z Fold 6 renders showing flat design just like S24 Ultra #SamsungZFold6 https://t.co/g40UQnaFqF,samsungZfold6,Positive
Samsung to launch entry-level Galaxy Z Fold 6 later this year #samsungZfold6 #Samsung https://t.co/eegvgFlKaq,samsungZfold6,Positive
Pre-Reserve started for #samsung Z Fold 6 (voucher worth ‚Çπ7000) Z Flip 6 (voucher worth ‚Çπ3999) Galaxy Watch 7 (voucher worth ‚Çπ6499) Galaxy Buds 3 (voucher worth ‚Çπ2299) Launching on July 10 #galaxyunpacked #samsungzfold6 #samsungzflip6 #galaxywatch7 #galaxybuds3 https://t.co/IZkndfrOkY,samsungZfold6,Positive
Samsung Galaxy Z Fold 6 Launched 6.3 HD+ 7.6 QXGA+ Dynamic AMOLED 2X 1Hz to 120Hz Glass Victus 2 50MP(OIS)+12MP(UV)+10MP(TP) 10MP+4MP(UD) Snapdragon 8 Gen 3 Android 14 ‚≠ïOne UI 6.1.1 NFC 4400mah 25W #SamsungUnpacked #GalaxyZFold6 #SamsungZFold6 #GalaxyAI https://t.co/Q7dcass0zu,samsungZfold6,Positive
The newly announced Google Pixel 9 Pro Fold specs compared to the Galaxy Z Fold 6. What do you guys think about this comparison? #GalaxyZFold6 #FoldablePhone #SamsungZFold6 #Pixel9ProFold #SamsungFold #GalaxyFold #SamsungZFold6Slim #Pixel9 #Pixel9Pro #Pixel9ProXL https://t.co/iawAf23cbZ,samsungZfold6,Negative
Samsung Galaxy Z Fold 6 and Z Flip 6 posters have been leaked online. #SamsungZFold6 #SamsungZFlip6 https://t.co/j7veK3JHV2,samsungZfold6,Positive
#Laptop #MobileGaming #Mobile #SamsungZFold6 https://t.co/OQcdpZxwNo,samsungZfold6,Positive
‡∏£‡∏≤‡∏Ñ‡∏≤‡∏Å‡πá‡∏Ñ‡∏∑‡∏≠ #SamsungGalaxyZFlip6 #SamsungZFold6 #SamsungUnpacked https://t.co/RRjjV4Uxra,samsungZfold6,Positive
JerryRigEverything the renowned YouTuber known for his tech content recently put the Samsung Z Fold 6 through a rigorous durability test. The Samsung Z Fold 6 successfully survived the durability test! For more tech content Hit the follow button! #samsungzfold6 #samsung https://t.co/PcZPo1nVCB,samsungZfold6,Positive
Samsung Unpacked is planned for July! Product Expected are: - Galaxy Tab S10 series - Galaxy Z Fold6 - Galaxy Z Flip6 - Galaxy Buds3 - Galaxy Buds3 Pro - Galaxy Watch7 - Galaxy Watch7 Pro - Galaxy Watch7 Classic - Galaxy Ring #GalaxyUnpacked #SamsungZFold6 #Samsung #Galaxy https://t.co/PGW17nNHLt,samsungZfold6,Negative
#Giveaway Excited about the #SamsungUnpacked ? Share your thoughts for a chance to win our hottest products! -Follow &amp; Like &amp; RT -Vote below: Are you planning to buy the #samsungzfold6/#samsungzflip6? End on July 14 11:59 pm¬†PST. 3 winners¬†will be randomly chosen and get any https://t.co/eVIgtFOcEI,samsungZfold6,Positive
Absolutely stunning...! The Ringke Fusion complements the sleek Galaxy Z Flip 6 flawlessly enhancing its natural design and colors through its slim clear frame. #SamsungZFold6 #ZFold6 #galaxy #premimcases #premiumbrand #galaxyflip #ringkeindia #ringke https://t.co/KTTbtvgALO,samsungZfold6,Positive
https://t.co/Ip0IKDY6ia #samsungzfold6 https://t.co/h7wYQ4X7Mn,samsungZfold6,Positive
The @Samsung #GalaxyZFold6 has landed in our lab! With a 5000 mAh battery and stunning displays 7.6 unfolded or 6.3 folded this foldable marvel is perfect for versatility seekers. #ViserMark #Samsung #SamsungZFold6 #ZFold6 #BatteryLife #SamsungZFold6BatteryLife https://t.co/nf92xigAHQ,samsungZfold6,Positive
Samsung Z Fold 6 ƒ∞lk g√ºncelleme... #ZFold6 #GalaxyZFold6 #SamsungZFold6 https://t.co/LAZa6inpCW,samsungZFold6,Neutral
Yes Finally Got My Samsung Z Fold 6.!! Check Out this Short Video Clip &amp; Thumbnail &amp; Photo to My New Video on YouTube.!! Go Watch Full Video Here https://t.co/iMy4yGVABV #samsung #samsungzfold6 #unboxing #samsunggalaxyzfold5 #techreview #ZFold6vsZFold5 https://t.co/DYYmwWTYdj,samsungZFold6,Neutral
‡∏Ç‡πà‡∏≤‡∏ß‡πÄ‡∏ô‡πÄ‡∏ô‡πà‡∏Å‡∏±‡∏ö‡∏ã‡∏±‡∏°‡∏ã‡∏∏‡∏á‡∏ä‡πà‡∏≠‡∏á‡πÄ‡∏ß‡∏¥‡∏£‡πå‡∏Ñ‡∏û‡∏≠‡∏¢‡∏ó‡πå #nenevader #SamsungUnpacked #SamsungZFold6 https://t.co/pTAk1FxBqf,samsungZFold6,Neutral
Forget about the Samsung Z Fold 6... The Vivo X Fold 3 Pro is the BEST Foldable of 2024 Find out why in my Full Review https://t.co/Kpm9Wj07XQ #vivoXFold3ProReview #vivoXFold3ProUnboxing #vivoXFold3Pro #vivoXFold3ProCamera #SamsungZFold6 @Vivo_GLOBAL https://t.co/L4xDPmNwTI,samsungZFold6,Neutral
wts new samsung z fold 6 1tb silver shadow #wts #wtb #wtswtb #samsungzfold6 #zfold6 #1tb #zonauang #zonajajan #zonabu https://t.co/iHfPaHBee6,samsungZFold6,Positive
Samsung Z Fold 6 Special Edition - This will be the new Samsung Z Fold 6 which will be launched next year that will be the slimmer edition of Z Fold 6. #SamsungZFold6 #Samsung https://t.co/Nap5AtBu8Z,samsungZFold6,Positive
Whoa Which Foldable Phone Do You Prefer Team Samsung or Team Pixel.?? #Samsung #SamsungZFold6 #google #pixelfold2 https://t.co/MmdpaDdgZM,samsungZFold6,Negative
Samsung Galaxy Z Fold 6 Full Video: https://t.co/IbxvCes3Ow #samsunggalaxyzfold6 #galaxyzfold6 #zfold6 #fold6 #samsunggalaxyfold6 #galaxyfold6 #samsungfold6 #samsungzfold6 #samsung #android #oneui #samsungfold #zflip6 #phone #smartphone #mobilephone #tech #technology https://t.co/od3GDt3O5H,samsungZFold6,Neutral
The Samsung Galaxy Z Fold 6 #samsunggalaxyzfold6 #galaxyzfold6 #zfold6 #fold6 #samsunggalaxyfold6 #galaxyfold6 #samsungfold6 #samsungzfold6 #samsung #android #oneui #samsungfold #zflip6 #phone #smartphone #mobilephone #tech #technology #tttechnology #fyp https://t.co/JTr7x0RbiQ,samsungZFold6,Negative
#PhotoModeMonday #photooftheday #photography #PHOTOS #samsungs24 https://t.co/QV1crnRhCB,samsungS24,Neutral
Samsung S24 8+128GB Only ‚Çπ59 960 Available on Amazon https://t.co/vzZDGQOwTu #SamsungS24 https://t.co/lwYTBEcDrI,samsungS24,Neutral
Why are you beautiful #SamsungS24 https://t.co/ZnTtY4R4Hp,samsungS24,Positive
#hisandherphones #samsungS24 #SamsungS24+ https://t.co/mP978gqXFS,samsungS24,Neutral
‡∏û‡∏µ‡πà‡πÄ‡∏â‡∏¥‡∏ô‡∏≠‡∏±‡∏û‡πÄ‡∏ß‡πà‡∏¢ ‡∏™‡∏ß‡∏¢‡∏°‡∏≤‡∏Å‡πÄ‡∏•‡∏¢ ‡∏°‡∏≤‡∏à‡∏≤‡∏Å‡∏™‡∏ß‡∏ô‡∏™‡∏±‡∏ï‡∏ß‡πå‡∏´‡∏á‡∏ã‡∏≤‡∏ô‡∏â‡∏±‡∏ô‡πÑ‡∏î‡πâ‡∏£‡∏±‡∏ö‡∏Å‡∏•‡πà‡∏≠‡∏á‡∏Ç‡∏≠‡∏á‡∏Ç‡∏ß‡∏±‡∏ç‡∏™‡∏∏‡∏î‡∏û‡∏¥‡πÄ‡∏®‡∏©‡∏ó‡∏µ‡πà‡πÄ‡∏õ‡πá‡∏ô‡πÅ‡∏ö‡∏£‡∏ô‡∏î‡πå‡πÅ‡∏≠‡∏°‡πÇ‡∏î‡∏¢ #SamsungS24 ‡∏õ‡∏•‡∏î‡∏•‡πá‡∏≠‡∏Å‡∏Ñ‡∏ß‡∏≤‡∏°‡∏™‡∏ô‡∏∏‡∏Å‡∏Ç‡∏≠‡∏á DIY ‡πÉ‡∏ô‡∏Ñ‡∏£‡∏≤‡∏ß‡πÄ‡∏î‡∏µ‡∏¢‡∏ß ‡πÅ‡∏•‡πâ‡∏ß‡∏õ‡∏•‡πà‡∏≠‡∏¢‡πÉ‡∏´‡πâ‡∏™‡∏±‡∏ï‡∏ß‡πå‡∏ô‡πà‡∏≤‡∏£‡∏±‡∏Å‡πÜ‡∏°‡∏≤‡πÄ‡∏•‡πà‡∏ô‡∏Å‡∏±‡∏ô Ô∏è #‡∏à‡∏¥‡∏ô‡πÄ‡∏â‡∏¥‡∏ô #‡∏ï‡πâ‡∏≤‡∏ã‡∏µ #JinChen #JC 20240605 https://t.co/G4bzsyOhHh,samsungS24,Neutral
‡∏™‡∏ß‡∏¢‡∏ï‡∏≤‡πÅ‡∏ï‡∏Å #‡πÄ‡∏ô‡πÄ‡∏ô‡πà #Nene #nenevader #SamsungS24 #GalaxyS24Ultra https://t.co/DHOt614wZy,samsungS24,Neutral
I took this picture with the fuckin #samsungs24 #s24 and this useless waste of money keeps disappointing. Look at that fckin edge. Isn't this phone supposed to be intelligent cause it's been acting pretty r3tarded since I bought it. Do NOT purchase it. https://t.co/GdEgT6AY6u,samsungS24,Negative
Aura for Aura now it's spec for spec. The Samsung S24 was released in January 2024 and the iPhone 16 drops this month. Are you Team Samsung or Team iPhone? Let us know and mention 2 standout features you love! #Motobills #iPhone16 #SamsungS24 #PayWithMotobills #iPhone #Samsung https://t.co/ufHa8l7GDA,samsungS24,Negative
12MP vs 50MP in Night Mode. Tell me which one is better. #SamsungS24 https://t.co/AxB8pLAhff,samsungS24,Neutral
Atardecer en la reja de AEP Ô∏èüá¶üá∑ 04/09/24 #Atardecer #PuestaDeSol #sunset #crepusculo #avgeek #aviation #Argentina #SamsungS24 https://t.co/1h8bbrOTvE,samsungS24,Neutral
#samsungS24 #galaxyAI #Galaxys24fans #galaxyenhypen @samsungID https://t.co/lFfL0dhBXj,samsungS24,Neutral
Morning walk with my mobile phone. Have a great Saturday :) #beactive #morning #samsungs24 #mobilephone https://t.co/Bvmy1mqp01,samsungS24,Negative
 Samsung S24 Ultra 256gb ‡∏ß‡∏≤‡∏á‡∏î‡∏≤‡∏ß‡∏ô‡πå 20 ‡∏õ‡∏µ‡∏Ç‡∏∂‡πâ‡∏ô‡πÑ‡∏õ ‡∏ú‡πà‡∏≠‡∏ô‡∏Ñ‡∏£‡∏ö‡∏£‡∏±‡∏ö‡∏Ç‡∏≠‡∏á 18 ‡∏õ‡∏µ‡∏Ç‡∏∂‡πâ‡∏ô‡πÑ‡∏õ ‡∏ô‡∏±‡∏î‡∏£‡∏±‡∏ö‡∏´‡∏ô‡πâ‡∏≤‡∏£‡πâ‡∏≤‡∏ô ‡∏´‡∏±‡∏ß‡πÄ‡∏â‡∏µ‡∏¢‡∏ß ‡∏™‡∏°‡∏∏‡∏ó‡∏£‡∏õ‡∏£‡∏≤‡∏Å‡∏≤‡∏£ ‡πÅ‡∏≠‡∏î‡πÑ‡∏•‡∏ô‡πå : https://t.co/XjlfHrb09S #samsungs24 #‡∏ã‡∏±‡∏°‡∏ã‡∏∏‡∏á‡∏°‡∏∑‡∏≠2 #S24 #‡πÑ‡∏≠‡πÇ‡∏ü‡∏ô‡∏°‡∏∑‡∏≠2 #samsung‡∏°‡∏∑‡∏≠2 #‡πÇ‡∏ó‡∏£‡∏®‡∏±‡∏û‡∏ó‡πå‡∏°‡∏∑‡∏≠‡∏™‡∏≠‡∏á #‡∏ï‡∏•‡∏≤‡∏î‡∏ô‡∏±‡∏înct #‡πÇ‡∏ó‡∏£‡∏®‡∏±‡∏û‡∏ó‡πå‡∏°‡∏∑‡∏≠2 #‡∏ß‡∏≤‡∏á‡∏î‡∏≤‡∏ß‡∏ô‡πå https://t.co/TBswZl34lE,samsungS24,Neutral
Galaxy S24¬†Ultra remainder Buy the new Samsung Galaxy S24 Ultra with new AI features. #samsungS24 #samsungs24_ultra #samsung https://t.co/C4Qa829ta3,samsungS24,Positive
One day with me and Galaxy S24 Ultra ‡∏£‡∏π‡∏õ‡∏™‡∏ß‡∏¢ ‡∏Ñ‡∏ô‡∏™‡∏ß‡∏¢ #nenevader #SamsungS24 #GalaxyS24Ultra https://t.co/uQsOStFBW9,samsungS24,Neutral
Love is in the air #pitaka #S24Ultra @PitakaGallery #samsungs24 https://t.co/I2goNSkNzm,samsungS24,Positive
iPhone 15 pro Max vs Google pixel 9 pro Xl vs samsung galaxie S24 ultra Cam√©ra test Qui est le meilleur ? Who is the best? #iPhone15Pro #samsung #samsungs24 #Pixel9ProXL #google #apple https://t.co/tNFkZtEbUq,samsungS24,Neutral
With the amount of note taking I need to do for literally EVERT part of my life @SamsungMobileSA s #SamsungS24 came to really make my life a lot easier. Whether it s with the keyboard or S Pen #AI has truly showed up for us! Thank you Besties https://t.co/iSgnuAS6mw,samsungS24,Positive
New Languages on Galaxy AI #SamsungS24 #GalaxyAI #NewLanguages #greedytech https://t.co/SkmSvW6mW7,samsungS24,Neutral
Bueno muchachos si Hay pregunt√© por el suyo. Plan Retoma env√≠os nacionales Env√≠o üá®üá¥ #iPhone15ProMax #SamsungS24 #SamsungS22Ultra #iPhone11 https://t.co/TK8IPoqcsf,samsungS24,Neutral
Dobro jutro! Evo ga prvi telefon hol (nije moj naravno ja sam iphone tim ) #samsungS24 #Samsung https://t.co/zCg53ew9FO,samsungS24,Negative
Witness #SolarEclipse2024 #samsungs24 https://t.co/Ti4b6T7AVg,samsungS24,Positive
 SAMSUNG S24 ultra 12+ 256gb ‡∏ô‡∏±‡∏î‡∏£‡∏±‡∏ö‡∏™‡πà‡∏á‡πÅ‡∏°‡∏™ ‡πÄ‡∏Å‡πá‡∏ö‡∏õ‡∏•‡∏≤‡∏¢‡∏ó‡∏≤‡∏á ‡∏ô‡∏±‡∏î‡∏£‡∏±‡∏ö‡∏´‡∏ô‡πâ‡∏≤‡∏£‡πâ‡∏≤‡∏ô ‡∏™‡∏°‡∏∏‡∏ó‡∏£‡∏õ‡∏£‡∏≤‡∏Å‡∏≤‡∏£ ‡∏ä‡∏•‡∏ö‡∏∏‡∏£‡∏µ ‡πÅ‡∏≠‡∏î‡πÑ‡∏•‡∏ô‡πå : https://t.co/XjlfHrb09S #samsung #samsungs24 #‡∏ã‡∏±‡∏°‡∏ã‡∏∏‡∏á‡∏°‡∏∑‡∏≠2 #‡∏ã‡∏±‡∏°‡∏ã‡∏∏‡∏ás24 #samsung‡∏°‡∏∑‡∏≠2 #‡πÇ‡∏ó‡∏£‡∏®‡∏±‡∏û‡∏ó‡πå‡∏°‡∏∑‡∏≠‡∏™‡∏≠‡∏á #‡∏ï‡∏•‡∏≤‡∏î‡∏ô‡∏±‡∏înct #‡πÇ‡∏ó‡∏£‡∏®‡∏±‡∏û‡∏ó‡πå‡∏°‡∏∑‡∏≠2 #‡πÄ‡∏ä‡πà‡∏≤S24Ultra #‡πÑ‡∏≠‡πÇ‡∏ü‡∏ô‡∏°‡∏∑‡∏≠2 https://t.co/UHV3rhESBn,samsungS24,Neutral
We long... I mean loooong past camera button stage or AI. On to the next bigger stuff whilst y'all chilling at the camera button stage. #samsung #samsungs23 #samsungs24 #Apple16 https://t.co/3MzzzJ0t80,samsungS24,Neutral
Ye gift humne apne aapko diya hai #SamsungS24+ @SamsungIndia https://t.co/74XoW9bWbF,samsungS24,Neutral
Toch wel 'bizar' ... Samsung AI alsof die halsbandparkiet niet vanochtend achter een takkie zat .. #samsungs24 https://t.co/xpSnZa3A8L,samsungS24,Negative
Went to Disney last week and man I love this camera on my phone. These pics were #Disney #DisneyWorld #MagicKingdom #AnimalKingdom #Epcot #SamsungS24 #Ultra https://t.co/091BIxsnjk,samsungS24,Positive
Samsung S24 8+128GB Only ‚Çπ59 960 Available on Amazon https://t.co/tzizgB0FyK #SamsungS24 https://t.co/rQqOZ0Gs0m,samsungS24,Neutral
 ‡∏¢‡∏¥‡πà‡∏á‡∏≠‡∏¢‡∏π‡πà‡∏ô‡∏≤‡∏ô‡∏¢‡∏¥‡πà‡∏á‡∏£‡∏±‡∏Å‡∏Å‡∏±‡∏ô ‡πÄ‡∏â‡∏û‡∏≤‡∏∞‡∏•‡∏π‡∏Å‡∏Ñ‡πâ‡∏≤‡∏ó‡∏£‡∏π‡∏°‡∏π‡∏ü‡∏≠‡∏±‡∏õ‡πÄ‡∏Å‡∏£‡∏î‡∏°‡∏∑‡∏≠‡∏ñ‡∏∑‡∏≠ 5G ‡∏£‡∏±‡∏ö‡∏™‡πà‡∏ß‡∏ô‡∏•‡∏î‡πÄ‡∏û‡∏¥‡πà‡∏° ‡∏™‡∏π‡∏á‡∏™‡∏∏‡∏î 4 500 ‡∏ö. ‡∏à‡∏≤‡∏Å‡∏≠‡∏≤‡∏¢‡∏∏‡∏Å‡∏≤‡∏£‡πÉ‡∏ä‡πâ‡∏á‡∏≤‡∏ô‡∏£‡∏≤‡∏¢‡πÄ‡∏î‡∏∑‡∏≠‡∏ô‡∏ï‡∏±‡πâ‡∏á‡πÅ‡∏ï‡πà 2 ‡∏õ‡∏µ‡∏Ç‡∏∂‡πâ‡∏ô‡πÑ‡∏õ ‡∏ï‡∏£‡∏ß‡∏à‡∏™‡∏≠‡∏ö‡πÅ‡∏•‡∏∞‡∏£‡∏±‡∏ö‡∏™‡∏¥‡∏ó‡∏ò‡∏¥‡∏Å‡∏î *399*222# ‡πÄ‡∏û‡∏¥‡πà‡∏°‡πÄ‡∏ï‡∏¥‡∏° ‡∏Ñ‡∏•‡∏¥‡∏Å https://t.co/FRC8qekTNm ‡∏ã‡∏∑‡πâ‡∏≠‡πÄ‡∏•‡∏¢ ‡∏ß‡∏±‡∏ô‡∏ô‡∏µ‡πâ - 30 ‡∏Å.‡∏¢.67 #True5G #‡∏ó‡∏£‡∏π #SamsungS24 #‡πÇ‡∏õ‡∏£‡πÇ‡∏ó‡∏£‡∏®‡∏±‡∏û‡∏ó‡πå‡∏ó‡∏£‡∏π https://t.co/FTqrQgr1xi,samsungS24,Neutral
Finally I was able to pull up more than 7hr SOT from my #GalaxyS24Plus. Getting good SOT has been rare since that battery draining update in April. #SamsungS24 https://t.co/HTm5kgqlkD,samsungS24,Neutral
#ShopeeFlashSale #TemperedGlass #SamsungGalaxyS24 Ultra Plus #SpigenGlass tR EZ Fit 9H seharga Rp266.750. Dapatkan sekarang jg di Shopee! #temperedglasssamsungs24 #tgsamsungs24 #tgsamsunggalaxys24 #samsungs24temperedglass #samsungs24 https://t.co/cBoNMSGH4w https://t.co/pZsUQQPitT,samsungS24,Neutral
Galaxy S24 Case - Blue [Limited Edition] Only 100 Cases in the World COVERT Series #Ghostek #SamsungGalaxyS24 #GalaxyS24 #S24 #SamsungS24 #SamsungGalaxyS24Ultra #SamsungGalaxyS24Plus #GalaxyS24Ultra #GalaxyS24Plus #S24Ultra #S24Plus https://t.co/xr52fO145N,samsungS24,Neutral
La Roach-Posay Jerhigh ‡πÅ‡∏•‡∏∞ Samsung ‡∏ó‡∏≥‡πÉ‡∏´‡πâ‡∏•‡∏π‡∏Å‡∏Ñ‡πâ‡∏≤‡πÄ‡∏õ‡∏•‡∏µ‡πà‡∏¢‡∏ô‡πÉ‡∏à ‡πÄ‡∏•‡∏¥‡∏Å‡πÉ‡∏ä‡πâ‡πÅ‡∏ö‡∏£‡∏ô‡∏î‡πå‡πÄ‡∏Å‡πà‡∏≤‡πÅ‡∏•‡πâ‡∏ß‡∏´‡∏±‡∏ô‡∏°‡∏≤‡πÉ‡∏ä‡πâ‡πÅ‡∏ö‡∏£‡∏ô‡∏î‡πå‡∏ï‡∏±‡∏ß‡πÄ‡∏≠‡∏á‡∏î‡πâ‡∏ß‡∏¢‡∏Å‡∏≤‡∏£‡πÄ‡∏•‡∏∑‡∏≠‡∏Å‡∏û‡∏£‡∏µ‡πÄ‡∏ã‡∏ô‡πÄ‡∏ï‡∏≠‡∏£‡πå‡∏ó‡∏µ‡πà‡∏à‡∏£‡∏¥‡∏á‡πÉ‡∏à ‡πÉ‡∏ä‡πâ‡πÄ‡∏≠‡∏á ‡πÉ‡∏ä‡πâ‡∏à‡∏£‡∏¥‡∏á‡πÅ‡∏ö‡∏ö ‡∏Ñ‡∏±‡∏•‡πÅ‡∏•‡∏ô-‡∏û‡∏µ‡πà‡∏à‡∏≠‡∏á ‡∏≠‡πà‡∏≤‡∏ô‡∏ï‡πà‡∏≠ : https://t.co/lU9UDf7Dp7 #‡∏Ñ‡∏±‡∏•‡πÅ‡∏•‡∏ô‡∏û‡∏µ‡πà‡∏à‡∏≠‡∏á #CullenHateberry #‡∏Ñ‡∏±‡∏•‡πÅ‡∏•‡∏ô #‡∏û‡∏µ‡πà‡∏à‡∏≠‡∏á #LaRoachPosay #Jerhigh #SamsungS24 https://t.co/vT3C2eDL0y,samsungS24,Neutral
Samsung Galaxy S24 Case - Blue [Limited Edition] Only 100 Cases in the World COVERT Series #Ghostek #SamsungGalaxyS24 #GalaxyS24 #S24 #SamsungS24 #S24Case #GalaxyS24Case #SamsungGalaxyS24Case https://t.co/26UH68w1L0,samsungS24,Neutral
We've secured fantastic offers on select Apple and Samsung phones. Check them out and order them now! PS: MOQ is 10 https://t.co/Qyo9XiTC14 #SmartphoneDeals #iPhone13 #iPhone13ProMax #iPhone12Mini #SamsungS24 #BulkOrders #TechDeals #UsediPhone #UsedSamsungphones #Wholesale https://t.co/BeenCprcdP,samsungS24,Neutral
ŸÖÿπ ÿ®ÿØÿßŸäÿ© ÿ¥Ÿáÿ± ŸÖÿßÿ±ÿ≥ SAMSUNG ÿ™ŸÇŸàŸÖ ÿ®ÿ∑ÿ±ÿ≠ ÿ™ÿ≠ÿØŸäÿ´ ÿ£ŸÖŸÜŸä ÿ¨ÿØŸäÿØ ŸÑÿ≥ŸÑÿ≥ÿ© ŸáŸàÿßÿ™ŸÅ Galaxy S24 ŸÑÿ¨ŸÖŸäÿπ ÿßŸÑÿ∑ÿ±ÿßÿ≤ÿßÿ™ ÿßŸÑÿ´ŸÑÿßÿ´ÿ© ÿ™ŸÖ ÿ•ÿµÿØÿßÿ± ÿßŸÑÿ™ÿ≠ÿØŸäÿ´ ŸÑŸÑŸÖÿ≥ÿ™ÿÆÿØŸÖŸäŸÜ ŸÅŸä ÿ£Ÿàÿ±Ÿàÿ®ÿß ŸàŸÉŸÜÿØÿß ŸàŸÖŸÜ ÿßŸÑŸÖÿ™ŸàŸÇÿπ ÿ£ŸäŸÜ Ÿäÿ≠ÿµŸÑ ÿπŸÑŸäŸá ÿ¨ŸÖŸäÿπ ŸÖÿ≥ÿ™ÿÆÿØŸÖŸàÿß Ÿáÿ∞Ÿá ÿßŸÑÿ≥ŸÑÿ≥ÿ© ŸÇÿ±Ÿäÿ®ÿßŸã ‚Äç #Samsung #SamsungS24 #SamsungS24ultra https://t.co/poJVbcg4zV,samsungS24,Positive
Update status saat lebaran semakin glowing. Yuk sebelum THR dan barangnya abis. DM yaa #samsungS24 https://t.co/CFN6Qe95U0,samsungS24,Negative
Alfin la #IA #SamsungAi #samsunga55 https://t.co/qqoSre5VSp,samsungA55,Neutral
WTS Samsung A55 5G 8/256gb color awesome navy Official Samsung (garansi resmi) 5.2 jt (nego tipis) Masih segel sama sekali belum dibuka Dom Jatiasih Bekasi #zonauang #samsunga55 #wts https://t.co/g95FRGqF35,samsungA55,Positive
SAMSUNG A55 LEAK: Samsung Galaxy A55 leak reveals a TRIPLE CAMERA setup with a 50MP main sensor Exynos 1480 SOC and a 5000mAh battery. Expected to sport a 6.5-inch display with a 120Hz refresh rate it comes in colors like Awesome Ice Blue. #SamsungA55 #TechLeak #Samsung https://t.co/m5Tn7IAK7V,samsungA55,Positive
Kaiken maalilman hankintoja ensipuraisulla t√§n√§p√§n√§ #materialistin taivas #valootv #saunakalia #sofiero #samsungA55 Miten muilla #sahajengil√§isill√§ menee l√∂√∂rtaakina? https://t.co/dOgHwiEFV0,samsungA55,Neutral
RAM: 8GB Internal Storage:¬†128 GB 256GB Main camera:¬†50 MP + 12MP + 5 MP Front camera:¬†32MP Display:6 inches 120 Hz Processor:¬†Exynos 1480 SoC OS:¬†Android 14 One UI 6.1 Connectivity:¬†Dual SIM 2G 3G 4G Wi-Fi #Samsung #samsungA55 https://t.co/ytFTrjGjha,samsungA55,Positive
Next to Samsung S24 Ultra .. just 1.5M moreover #Samsung #SamsungA55 #A55 https://t.co/P09jHcv83P,samsungA55,Positive
Que color prefieres de los nuevos #SamsungA55 y #SamsungA35 ? https://t.co/nil4yFLhGV,samsungA55,Neutral
The trees on a windy day SamsungA55_01_09_2024 https://t.co/Pn4TANtHFY,samsungA55,Negative
A warm end of August day at high tide samsungA55_24_08_2024 https://t.co/MCs0x5Nth1,samsungA55,Positive
Leaked images of Samsung Galaxy A55 https://t.co/NTQ00OMTsB #SamsungGalaxyA55 #samsunga55 #galaxya55 #andriod https://t.co/PWqYfuWPBa,samsungA55,Neutral
Cakep banget sih lu @.samsungA55 https://t.co/uZMMGlDGrt,samsungA55,Neutral
Samsung Galaxy A55 &amp; A35 Official Cases Show Up Online https://t.co/xYgLusys5Y #samsunggalaxya55 #GalaxyA55 #samsunggalaxya35 #samsunga55 #android https://t.co/PDS1lV3RZx,samsungA55,Neutral
The best smartphone in the smartphone industry till date this is not what I say some people say this. #SamsungA55 https://t.co/0fjPKdNl4N,samsungA55,Positive
SAMSUNG GALAXY A55 A35 &amp; Galaxy Fit 3 Unboxing &amp; First Impression Video Link: https://t.co/lsfBfkaSAP #Collab #MrTamilTech #MrTT #TamilTech #TamilTechOfficial #TTFamily #samsung #samsunga35 #samsunga55 #unboxing #smartphone #smartphoneunboxing #samsungfit #samsungwatch https://t.co/MOQc2OOSLI,samsungA55,Neutral
I scanned the entire Samsung website. They are so ashamed of naming their Exynos processor. They call it Octa-power on all their pages of the #SamsungA55 which is selling at Rs 40k btw..its Exynos 1480! https://t.co/BWXLBfNl7J,samsungA55,Negative
Wellingtons south coast samsungA55_15_08_2024 https://t.co/n3XcRTBZsV,samsungA55,Neutral
Finally some of the Galaxy AI features are coming to A series btw A series is not that bad My cousins are using A34 and A55 both are good especially A55. #Samsung #SamsungUnpacked #SamsungA55 #SamsungA35 #SamsungPakistan #GalaxyZFlip5 #GalaxyAI https://t.co/vZ2tHG1YCE,samsungA55,Positive
HMTU by BINI #CreateAwesome #SamsungA35 5G #SamsungA55 5G #BINIxSamsungPH #BINIxGalaxyASeries #BINI @BINI_ph https://t.co/kYrYTNMULO,samsungA55,Neutral
Captured at dusk with the @SamsungMobileSA #A555G Pure unedited magic straight from the camera. #SamsungA55 #DuskShots #StraightOutOfCamera #MobilePhotography #photographylovers #withGalaxy https://t.co/6Wz1KR1sey,samsungA55,Neutral
#SamsungA55 ‡πÉ‡∏Å‡∏•‡πâ‡∏≠‡∏≠‡∏Å‡πÅ‡∏•‡πâ‡∏ß ‡∏•‡∏≠‡∏á‡∏°‡∏≤‡∏™‡∏≥‡∏£‡∏ß‡∏à #SamsungA54 ‡∏ß‡πà‡∏≤‡∏ú‡πà‡∏≤‡∏ô‡∏°‡∏≤‡πÄ‡∏Å‡∏∑‡∏≠‡∏ö‡∏õ‡∏µ ‡∏Ñ‡∏ô‡πÉ‡∏ä‡πâ‡∏û‡∏π‡∏î‡∏Å‡∏±‡∏ô‡∏¢‡∏±‡∏á‡πÑ‡∏á‡∏ö‡πâ‡∏≤‡∏á ‡∏¢‡∏±‡∏á‡∏ô‡πà‡∏≤‡πÉ‡∏ä‡πâ‡∏°‡∏±‡πâ‡∏¢‡πÉ‡∏ô‡∏õ‡∏µ‡∏ô‡∏µ‡πâ ‡∏•‡∏≠‡∏á‡πÄ‡∏™‡∏¥‡∏ä‡∏û‡∏±‡∏ô‡∏ó‡∏¥‡∏û‡∏î‡∏π ‡∏õ‡∏£‡∏≤‡∏Å‡∏è‡∏ß‡πà‡∏≤‡∏Ç‡∏±‡∏î‡∏Å‡∏±‡∏ö‡∏ó‡∏µ‡πà‡πÄ‡∏´‡∏•‡πà‡∏≤ YouTubers ‡πÄ‡∏Ñ‡∏¢‡∏û‡∏π‡∏î‡∏≠‡∏¢‡πà‡∏≤‡∏á‡∏ô‡πà‡∏≤‡∏ï‡∏Å‡πÉ‡∏à https://t.co/3tCWsZGaLJ,samsungA55,Neutral
Met a few friends earlier on a walk.. #ShotOnSnapdragon with the #SamsungZFold5 https://t.co/TVh4Tu2apV,samsungZFold5,Neutral
Ô∏è Samsung Galaxy Z Fold 5 6 2‚Ä≥ zunanji zaslon 7 56‚Ä≥ notranji zaslon v odprtem stanju: 154 9 x 129 9 x 6 3 mm zlo≈æen: 154 9 x 67 1 x 13 5 mm #Samsung #samsungzfold #samsungzfold5 #zfold5 #samsunggalaxyzflod #samsunggalaxyzfold5 #galaxyzfold5 https://t.co/NBwUbH9BIF,samsungZFold5,Neutral
The only flip phone I can afford right now is My Legendary Lava Flip Ultra Pro Max #SamsungUnpacked #SamsungGalaxyZFlip5 #SamsungZFold5 https://t.co/1QfzRAQ2vg,samsungZFold5,Neutral
Jako ≈ºe m√≥j S21 Ultra trochƒô jest ju≈º niesprawny z mojej winy potrzebowa≈Çem czego≈õ nowego. Zwyk≈Çe smartfony sƒÖ straszne nudne i prawie niczym siƒô nie r√≥≈ºniƒÖ z roku na rok wiƒôc czas na spr√≥bowanie czego≈õ innego. Pierwszy sk≈Çadak w ≈ºyciu. Trochƒô jaranko #SamsungZFold5 https://t.co/w4KGG1j5he,samsungZFold5,Neutral
wts SAMSUNG Z FOLD5 1TB SEIN CREAM .fungsi normal .body mulus like new .kelengkapan fullset original .no minus price: 18.900.000 cod or tokped Ô∏è #samsungzfold5 #jualsamsung #wts #zonauang https://t.co/SXCk2sT68a,samsungZFold5,Positive
#ZÌè¥Îìú5 Ïö∞ÏôÄÏïô.. ÌëúÏ†ïÏúºÎ°ú ÎßêÌïòÎäî #ÌõÑÏù¥ Í∞Ä ÎÑàÎ¨¥ Ïù¥Îªê #samsungZFold5 https://t.co/moK5ds4PPG,samsungZFold5,Neutral
Samsung Z Flip 5 at 62999‚Çπ Samsung Z Fold 5 at 114999‚Çπ #BigBillionDays #Flipkart #FlipkartBigBillionDays #SamsungZFlip5 #SamsungZFold5 https://t.co/RGjX1La72U,samsungZFold5,Neutral
Not @SamsungUK utterly damaging my z flip 5 and having the audacity to be so insensitive about it. Who runs these companies! #SamsungZfold5 #samsunguk https://t.co/2iRKkUJ5RG,samsungZFold5,Neutral
Two really good foldables in the market right now. Which one will you prefer and why? #samsungzfold5 #OnePlusOpen https://t.co/svNUTVsF7D,samsungZFold5,Negative
Unfold a World of Savings! The revolutionary Samsung Z Fold 5 1TB! Experience next-level multitasking and productivity on a foldable display. Don't miss this limited-time offer! #ArgoneDeals #SamsungZFold5 #dealoftheweek #awoof #Altcoins #BreakingTheCycle #FennecFootball https://t.co/ihcG0cQhPK,samsungZFold5,Positive
Samsung Galaxy Z Fold5 ‡∏™‡∏°‡∏≤‡∏£‡πå‡∏ó‡πÇ‡∏ü‡∏ô‡∏à‡∏≠‡∏û‡∏±‡∏ö‡πÑ‡∏î‡πâ‡∏Å‡∏±‡∏ö‡∏ü‡∏µ‡πÄ‡∏à‡∏≠‡∏£‡πå‡∏à‡∏±‡∏î‡πÄ‡∏ï‡πá‡∏° ‡∏Ñ‡∏£‡∏ö ‡∏à‡∏ö ‡πÉ‡∏ô‡πÄ‡∏Ñ‡∏£‡∏∑‡πà‡∏≠‡∏á‡πÄ‡∏î‡∏µ‡∏¢‡∏ß ‡∏°‡∏≤‡∏≠‡πà‡∏≤‡∏ô‡∏£‡∏µ‡∏ß‡∏¥‡∏ß‡∏Å‡∏±‡∏ô‡∏Ñ‡∏£‡∏±‡∏ö‡∏ö‡∏ö‡∏ö^^ . https://t.co/HP1udA95mH . ‡∏™‡∏±‡πà‡∏á‡∏ã‡∏∑‡πâ‡∏≠‡∏ú‡πà‡∏≤‡∏ô‡∏ó‡∏≤‡∏á https://t.co/qELXOvMzu1 . #Samsung #SamsungZFold5 #GalaxyZFold5 https://t.co/Vc7kWimaU5,samsungZFold5,Neutral
The @SamsungMobile 3D billboard campaign is a brilliant example of creative &amp; innovative marketing. It is sure to generate buzz &amp; excitement around the new foldable smartphones. Leaving a lasting impression on consumers. #SamsungZfold5 #Samsungfold #MarketingDigital https://t.co/xpF8aPL08B,samsungZFold5,Neutral
Samsungzfold5 - Elevate your smartphone game with its cutting-edge features and sleek design. Pre-order now to secure your piece of the future! #SamsungZFold5 #UnfoldTheFuture #samsung #samsungzfold #samsungfold5 https://t.co/kyh49LENSZ,samsungZFold5,Negative
„Åä„Åã„Åà„Çä„ÄÅ„ÉØ„ÉÜ„Ç∑„ÅÆ„Éë„Ç´„Éë„Ç´„Çπ„Éû„Éõ„Å°„ÇÉ„Çì #GalaxyZFlip5 #SAMSUNG #SamsungZFlip5 https://t.co/2cHR2h1qDw,samsungZFlip5,Positive
As√≠ se ver√≠a el dise√±o del Z Flip 5 seg√∫n las filtraciones recientes los colores tambi√©n ser√≠an los oficiales. #Tecnologia #Samsung #SamsungZFlip #Zflip5 #SamsungZFlip5 https://t.co/784o4gc8jF,samsungZFlip5,Neutral
28122023 || IGS Update : jr.joonior 1/2 Ô∏è ‡∏á‡∏≤‡∏ô Christmas ‡∏Å‡∏±‡∏ö Samsung z flip5 ‡∏à‡∏≤‡∏Å‡∏ó‡∏µ‡∏°‡πÇ‡∏õ‡∏£‡∏î‡∏±‡∏Å‡∏ä‡∏±‡πà‡∏ô ‡∏™‡∏∏‡∏î‡πÄ‡∏£‡∏¥‡πà‡∏î‡∏à‡∏≤‡∏Å‡∏û‡∏µ‡πà‡∏à‡∏π‡πÄ‡∏ô‡∏µ‡∏¢‡∏£‡πå ‡πÉ‡∏Ñ‡∏£‡∏™‡∏ô‡πÉ‡∏à‡∏ï‡∏¥‡∏î‡∏ï‡πà‡∏≠‡∏ó‡∏µ‡∏°‡∏û‡∏µ‡πà‡πÄ‡∏Ñ‡πâ‡∏≤‡πÑ‡∏î‡πâ‡∏ó‡∏µ‡πà @.hellohellotest.house ‡πÄ‡∏•‡∏¢‡∏Ñ‡πà‡∏≤‡∏≤ #samsungzflip5 #‡∏ï‡πâ‡∏≤‡∏´‡πå‡∏≠‡∏π‡πã #DAOU #oueiija #‡∏ï‡πâ‡∏≤‡∏´‡πå‡∏≠‡∏π‡πã‡∏´‡∏≠‡∏´‡∏µ‡∏ö‡∏Å‡∏≤‡∏£‡∏±‡∏ô‡∏ï‡πå #‡πÑ‡∏î‡πÇ‡∏ô‡πà‡∏Ç‡∏≠‡∏á‡∏ï‡πâ‡∏≤‡∏´‡πå‡∏≠‡∏π‡πã https://t.co/M1OHlTMnGr,samsungZFlip5,Neutral
Moto Razr 40 Ultra vs Samsung Flip 5...I feel just the chipset of Flip 5 is better otherwise Moto is much better. What to do you ? #SamsungZFlip5 #MotoRazr40Ultra https://t.co/I1rvEyBHDP,samsungZFlip5,Negative
New: Samsung Galaxy Z Flip5 Skins https://t.co/Ecfn3qnE0j Styles and protects from scratches with zero bulk. #samsung #samsunggalaxy #galaxyzflip #galaxyzflip5 #galaxyflipz #samsungzflip5 https://t.co/Y427crv6hY,samsungZFlip5,Positive
WTS HP SAMSUNG Z Flip 5 - RAM 8gb/512 gb - Samsung Care+ (asuransi 1 tahun 18 agust 24 - 18 agust 2025 waktu beli harga 499.000) - Jarang di pake (cuma buat mbanking dan netflix) - masih mulus tidak pernah jatuh - lengkap box dan kabel casan #zonauang #samsungZflip5 https://t.co/vk5Q0an6fh,samsungZFlip5,Neutral
What is Samsung cooking? Fada LAWD!!!#SamsungZFlip5 https://t.co/Q8MJPNo9cG,samsungZFlip5,Positive
Selamat kepada Member Setia WIN88 Yang Telah Mendapatkan 1 Unit Samsung Z Flip 5 Dari Event 11.11 Gosok-Gosok Berhadiah. Event 11.11 Masih Berlanjut Sampai Dengan 20 November ! #win88 #slotonline #slotgacor #giveaway #iphone15promax #samsungzflip5 #emas100gr #hadiah #EVENT https://t.co/DKfZwyuNSw,samsungZFlip5,Positive
Purple dia macam pink yaaa mint pun cantikkk cuba korang vote kat reply #SamsungZFlip5 https://t.co/Hf51qJNx3I,samsungZFlip5,Neutral
Is a foldable Phone too fussy to fancy up? Not for The Toasters! #SamsungZFlip5 #ZFlip5 #FoldableTech #TechInnovation #FlipPhoneRevolution #FutureOfTech #FlexibleDisplay #GalaxyZSeries #FoldablePhone #CuttingEdgeTech #MobileTech #Innovation #Smartphone #GadgetLover https://t.co/UOlLLOfhXT,samsungZFlip5,Negative
Samsung Galaxy Z Flip 5 SM-F731B bags NBTC certification. #Samsung #SamsungZFlip5 #SamsungGalaxyZFlip5 https://t.co/O0seF8YHap,samsungZFlip5,Positive
Get N20k when you buy samsung A35 6gb 128gb from us. Promo price @ N440k Contact Reliable on 07033344030 #reliablephones #samsungA35 https://t.co/xT1QUOvsBU,samsungA35,Neutral
WTS Silicone Case Samsung A35. Baru terpakai 1 Bulan sejak beli di Original Store Samsung. . Harga Asli 229.000 Harga Jual cuman jadi 200.000 . Daerah Cakung COD Stasiun Cakung Lets Go! #SamsungA35 #Samsung #Case https://t.co/V03sqoMT2u,samsungA35,Positive
Samsung Indonesia üáÆüá© merilis Varian Spesial Edition &amp; Warna baru untuk #SamsungA55 &amp; #SamsungA35 Warna Baru Awesome Lime Bekerjasama dengan Mobile Legends Bonus Spesial Edition : Harga Samsung Galaxy A55 Spesial Edition 8GB/256GB Rp6.299.000 Sumber: SadapinTekno https://t.co/4cNzzKI19I,samsungA35,Positive
 #SamsungA35 Samsung finally gives CIRCLE TO SEARCH in A-series. https://t.co/Zt9OEBNHu3,samsungA35,Positive
 Samsung A35 5G - with Exynos 1380 Single Core - 698 Multi Core 2332 - #SamsungA35 #TechLeak #MobileNews https://t.co/6nuhmVwPgB,samsungA35,Positive
Samsung calling out gamers for upcoming Galaxy A launch event. That means Samsung A55/35 launch at 18 or 20th March. #samsung #GalaxyA #samsungA55 #samsungA35 https://t.co/IttscBx4lx,samsungA35,Positive
Samsung Galaxy A35 and Galaxy A55 has launched globally. Can you guess how much it would be selling for? #Samsung #SamsungA35 #SamsungA55 #Galaxyseries ##SamsungA355g #SamsungA555g https://t.co/n1Fn6bcLSK,samsungA35,Positive
Samsung ko bhi paid promotion karwana pad raha hai #Samsung #SamsungA35 https://t.co/FQQK7toSrn,samsungA35,Positive
Samsung A35 5G ra m·∫Øt v·ªõi nhi·ªÅu t√≠nh nƒÉng ·∫•n t∆∞·ª£ng https://t.co/0F4vpta3eo ‚≠êÔ∏èM·∫∑t l∆∞ng k√≠nh camera n·ªïi ‚≠êÔ∏èH√¨nh ·∫£nh v√† video s·∫Øc n√©t s·ªëng ƒë·ªông ‚≠êÔ∏èM√†n h√¨nh Infinity - O v·ªõi n·ªÅn Super AMOLED ‚≠êÔ∏èB·∫£o m·∫≠t an to√†n v·ªõi Knox #CellphoneS #Samsunga35 #Samsung https://t.co/52MO0FzueO,samsungA35,Positive
Samsung has officially announced on its Samsung India website that the upcoming Galaxy A35 and A55 will be released on March 11. Are you excited about the Galaxy A35 and A55 launch? #SamsungA55 #GalaxyA55 #GalaxyA35 #SamsungA35 #samsunglaunch #Samsung https://t.co/P4K9bgIWqI,samsungA35,Positive
Bought samsung A35 with silicon case free #samsungA35 @SamsungIndia https://t.co/JYQvUXzqqT,samsungA35,Neutral
Dapatkan Samsung A55 / A35 smartphone #AntiGabutSerbaNgebut dengan bundling yang banyak banget benefitnya. Selalu #JadiinMauLo dengan smartphone yang punya banyak fitur Anti Gabut yang siap diajak ngebut berkomunikasi &amp; multitasking #SamsungA55 #SamsungA35 #AntiGabutSerbaNgebut https://t.co/IrO0lWyTS4,samsungA35,Positive
Tired of waiting for your phone to load? The Galaxy A35 with its speedy processor will make you forget what slow means. Get it at Jazakeja Electronics! #SamsungA35 #Speed #Jazakeja #JUSTICEFORKATYPERRY #TheRock #MightDeleteLater #PaulHeyman #AllanNamu #CERN #JimiWanjigi https://t.co/8cFrXh0sz0,samsungA35,Neutral
Okay lang kahit hindi naka secure ng concert ticket kasi sobrang lapit ko sakanila now #CreateAwesome #SamsungA35 5G #SamsungA55 5G #BINIxSamsungPH #BINIxGalaxyASeries #BINI @BINI_ph https://t.co/RrgAX3G0kh,samsungA35,Neutral
Samsung Z Fold 6 for sale Ô∏è 256GB 4.9M 512GB 5.6M Ô∏èCall/Whatsapp 0752044500 Located at New pioneer Mall PG-40 #Samsung #SamsungZFold6 #Fold6 https://t.co/Op89mqaK7i,samsungZfold6,Positive
#samsungs23 #s23 https://t.co/Zij7r5JVfB,samsungS23,Neutral
El cielo de Madrid. #Astrophotography #SamsungS23 https://t.co/w7UDgiD3uY,samsungS23,Neutral
Mast Offer ab aaya hai boss #SamsungS23FE - 33 999/- * #SamsungS23 - 44 999/- * Kya kahte kaun hai Lalantop #Samsung #FlipkartBigSavingDays https://t.co/Ggn2KJjCuF,samsungS23,Neutral
Colorido anochecer en AEP üá¶üá∑ #Naturaleza #atardecer #PuestaDeSol #sunset #crepusculo #SamsungS23 @ThePhotoHour @Imagen_Arg @YoushowmeP @Weathernow1000 https://t.co/YWKdIFTkpP,samsungS23,Neutral
Grab a blend of fast-selling devices from top brands in different grades at unbeatable prices! Act fast and get your hands on these devices! To order send a DM. #Eze #Apple #iPad #iPhone13 #iPhone14 #SamsungGalaxy #Watch5Pro #SamsungS23 #5GPhones https://t.co/yZJcfmfgAa,samsungS23,Neutral
New Alhamdulilah for each n every Blessing #LaReunion #ÿ±ŸäÿßŸÑ_ŸÖÿØÿ±ŸäÿØ_ÿ®ÿ±ÿ¥ŸÑŸàŸÜŸá #roomtoimprove #zarcia #HalaMadrid #PAKvsNZ #Gladiators #SamsungPakistan #samsungS23 https://t.co/hA6q9h8jBJ,samsungS23,Positive
YA FUNCIONA ADAPTADOR DE AUDIO MINI JACK 3.5 MM A TCONECTOR TIPO C Cable de Aud√≠fonos y audio tipo C https://t.co/vi0jya8Qj6 #letig99 #salud #samsung #samsunggalaxys23 #samsungs23 #samsungs24ultra #samsungs23plus #samsunggalaxys23ultra #samsunggalaxys23plus #samsunggalaxys23 https://t.co/ufILhZo06n,samsungS23,Neutral
S23 HUELLA DACTILAR CON CRISTAL TEMPLADO FUNCIONA EN SAMSUNG S23 https://t.co/snAJH9l27D #letig99 #salud #samsung #samsunggalaxys23 #samsungs23 #samsungs24ultra #samsungs23plus #samsunggalaxys23ultra #samsunggalaxys23plus #samsunggalaxys23 #huelladactilar #cristaltemplado https://t.co/19q8EndhV8,samsungS23,Positive
Et vu que je d√©pense pas mal pour moi nouveau t√©l√©phone offert a madame le #samsungS23 en couleur lavande il est beau il est super r√©actif mais trop petit pour mes grosses mains reste plus qu'√† me trouver le tel id√©al #Samsung #Smartphones https://t.co/L04N8eGu7u,samsungS23,Neutral
Moonshot Click by @comrade_mowgli on his Samsung S23 #SamsungS23 https://t.co/pi601ILKWF,samsungS23,Neutral
Atardeciendo en Aeroparque Ô∏èüá¶üá∑ 19/06/24 #atardecer #AEP #LaRejaAep #avgeek #spotter #SamsungS23 @ThePhotoHour @Imagen_Arg https://t.co/zxF8wg3kBp,samsungS23,Neutral
El Poderoso #SamsungS23 Con pantalla Dynamic AMOLED de 6.1 RAM de 8 GB y alacenamiento de 256 GB c√°mara principal de 50 MP + 10 MPMP ym+ 12 frontal de 12 MP. Click para conferir el valor https://t.co/XbfB4dSRQu #ShoppingChina #SamsungS23 https://t.co/wqYgpKKYl7,samsungS23,Neutral
One of the most breathtaking sunsets I have had the privilege of witnessing! Words fail to adequately convey the profound beauty of the experience !! Maybe this image can give you a feel of the same #StormHour #photography #ThePhotoHour #SamsungS23 #IncredibleIndia #Indore https://t.co/eSyRn04Tnj,samsungS23,Positive
Hi. Do you know if this brand works with samsungs23 ? I bought it and didn't work. https://t.co/JwWuOjFPNQ,samsungS23,Neutral
#Cielo #SamsungS23 https://t.co/aphEYaZAwE,samsungS23,Neutral
Sin dudas un maquinon #SamsungS23 @SamsungArg https://t.co/Wb7G8q11f1,samsungS23,Neutral
La luna dicen que tiene.... #SamsungS23 https://t.co/BqC2QM8lyX,samsungS23,Neutral
Night photography with #SamsungS23 https://t.co/ExYnJx8LtV,samsungS23,Neutral
A day with the Go Pro 12 and camera phone at Hopeman Beach Moray Scotland #gopro12black #samsungs23 #photography #ThePhotoHour #StormHour https://t.co/kizvvfYrMh,samsungS23,Neutral
#SCL #SamsungS23 https://t.co/D2plbORNXB,samsungS23,Neutral
Brand New Phone Only Samsung S23 Ultra 256GB Duos Price: ‚Ç¶1 030 000 Visit https://t.co/PJTeS5hK2W Suite 201 Divine Plaza 14 Pepple Street Computer Village. Ikeja Lagos. 09059444620 Suite F11b Shoppes Mall 7 Akiogun road Oniru V.I Lagos. 08073813311 #samsungs23 https://t.co/QZfmJcQnrQ,samsungS23,Neutral
Istanbul Ô∏è #SamsungS23 https://t.co/skJYMC8GTU,samsungS23,Neutral
Samsung S23 Users Finally the most awaited Updated is here. 6.1 Update officially released in india #Samsungs23 #Samsung23ultra #GalaxyAI #Samsungupdate https://t.co/kS4W4vTKNg,samsungS23,Neutral
Nature is pretty. #photography #samsungs23 https://t.co/1r87Y7v7QH,samsungS23,Neutral
#SamsungS23 vs #SamsungS24. A display's borders comparison. Some millimeters are cut out but there is still margin. If I am not wrong #Meizu did better? Source: https://t.co/V26SDzKlq7 https://t.co/VNQLXh6BIT,samsungS23,Neutral
The Solar Eclipse totality was totally cool! Share your pics you captured. #SamsungS23 #SolarEclipse2024 https://t.co/6ifJmUFhuo,samsungS23,Neutral
In this upcoming #FlipkartBigBillionDays2024 Out of these 2 deals which one do you guys think is the best bang for the buck?? 1. #SamsungS23 @ 36999 2. #SamsungS23FE @ 27999 Usage: Just for cameras (photos and videos for content creation) #BigBillionDays2024 #Flipkart https://t.co/2vqMMpXtnh,samsungS23,Positive
More sunny spring days please A lovely afternoon for a walk along the Belgian promenade Menai Bridge. I wasn't allowed to take my camera so the mobile had to do instead!! Û†ÅßÛ†Å¢Û†Å∑Û†Å¨Û†Å≥Û†Åø #Apsmartphonepicoftheweek #photography #Samsungs23 #Anglesey #MenaiBridge @S4Ctywydd @Ruth_ITV https://t.co/0Rk7h4Zik7,samsungS23,Negative
Een droom maar toch werkelijkheid! Het noorderlicht vanuit de achtertuin. #noorderlicht #Auroraborealis #poollicht #Nijmegen #SamsungS23 @Weerplaza @Art_of_thunders @StormchaserNL @BuienRadarNL https://t.co/ROpJmZJSqy,samsungS23,Neutral
Galaxy AI update released for #SamsungS23 Series Change log https://t.co/DdpTxzaiqz,samsungS23,Neutral
I'm trying out my new camera setting with my model Buddy #samsungs23 #expertraw https://t.co/pDx2BbIQbX,samsungS23,Neutral
One-month-old Samsung S23 (base) Is the battery backup is good? #SamsungS23 #oneui @theonecid @tarunvats33 https://t.co/4KKcdZmXiA,samsungS23,Neutral
‡≤π‡≥ä‡≤∏ ‡≤ï‡≤ø‡≤∞‡≥Å ‡≤ö‡≤ø‡≤§‡≥ç‡≤∞‡≤£ ‡≤®‡≥ã‡≤°‡≤ø ‡≤Ö‡≤≠‡≤ø‡≤™‡≥ç‡≤∞‡≤æ‡≤Ø ‡≤§‡≤ø‡≤≥‡≤ø‡≤∏‡≤ø ‡≤π‡≤Ç‡≤ö‡≤ø!! Ô∏è #shotonsamsung #samsungs23 #motioncam https://t.co/EStEg1Qxl0,samsungS23,Neutral
Hoy hemos madrugado un poquito para ver a J√∫piter y Marte porque ya los ech√°bamos de menos y por supuesto ha valido la pena ( SamsungS23) https://t.co/wfMi2kbgtb,samsungS23,Neutral
Processed @tarak9999 anna image by samsung AI #SamsungAI #NTR #DevaraBookings #DevaraStorm #DEVARA #SamsungS23 https://t.co/FWXpDOJPor,samsungS23,Neutral
Samsung S23 offer price for Flipkart Summer Sale 2024 @47000/- without offers and with offers its @45000/- ( probably without exchange) #BIGSAVINGSDAYS2024 #SamsungS23 #Flipkart #Bigsavingsdays2024 Image credit @TrakinTech https://t.co/J2FkHn1t8T,samsungS23,Neutral
Findhorn Beach Moray from last night loved the colours in the sky #ThePhotoHour #SamsungS23 https://t.co/V3Tse3vIfb,samsungS23,Positive
Best Flagships (#Samsung google and #Apple) PART I #Pixel8 #SamsungS23 #SamsungGalaxyS24 #iPhone15 #S23ultra #s24plus I wouldn't recommend #s23fe and #iphone14. But if someone is low on budget they can go for them.. #samsungs24ultra #galaxys23ultra #pixel9pro #iphone16 https://t.co/FShjjT9jgy,samsungS23,Positive
Let's Try this #SamsungS23 https://t.co/ubBsyb54N0,samsungS23,Neutral
 #samsungs22 https://t.co/C4JNQderWj,samsungS22,Neutral
Level up #SamsungS22 https://t.co/6TmaVRjtud,samsungS22,Negative
Yang Samsung Samsung aja #SamsungS22 https://t.co/nE7mAeiQtG,samsungS22,Positive
Lunita llena #Samsungs22 #moon @SamsungLatin https://t.co/j7qWlBkGiZ,samsungS22,Neutral
Rann√≠ proch√°zka kousek od domova #samsungs22 #pribram https://t.co/tpQYVGm2fC,samsungS22,Neutral
#SamsungS22 https://t.co/MdtFl5khnf,samsungS22,Neutral
Ô∏èÔ∏è @Samsungindia #SamsungS22 #ShotonS22 #Nightphotography #Astrophotography @photography @digitalps #Moon #Naturalphotography https://t.co/jpresSIDPL,samsungS22,Neutral
#bluemoon #samsungs22 https://t.co/KnyJqgA2cG,samsungS22,Neutral
Wandrin' #samsungphotography #samsungs22 https://t.co/K2wPO3tyTG,samsungS22,Neutral
#SamsungS22 EMI offer aa gya No Cost EMI for 24 Months Kya kahte aap?? https://t.co/RpH5j4pGVL,samsungS22,Neutral
It was a lucky day not raining in Castle Combe. #castlecombe #england #unitedkingdom #travel #beautifuldestinations #withgalaxy #samsungs22 #travelphotography #natgeotravel https://t.co/tKDlljnMYJ,samsungS22,Positive
Reitdiephaven #Groningen #photography #samsungs22 #Samsung #photo https://t.co/XO5X2bQ6aw,samsungS22,Neutral
Name this Bird chirping outside my window. What do you call it in your Area. #SamsungS22 https://t.co/kc2NcB9Rcj,samsungS22,Negative
Yellow #streetphotography #lumix #samsungs22 https://t.co/uVk2WmKkNB,samsungS22,Neutral
My #SamsungS22 took tonight's pic of the moon.. il show you what the #GooglePixel8 did.. https://t.co/dLQ1XcXP6o,samsungS22,Neutral
#photograghy #hobby #phonephotography #SamsungS22 #wildlife #flowers https://t.co/zQVqgw5Sap,samsungS22,Neutral
#Andriod #samsungS22 @tuscaloosacity @spann https://t.co/swA7iJXuiu,samsungS22,Neutral
Supermoon #SamsungS22 #Wellington https://t.co/Zs3gQtD7lU,samsungS22,Neutral
 Naija grab the sleek Samsung S22 128GB for just ‚Ç¶430 000 exclusively at Wales Tech Ng! Don't miss out on this amazing deal elevate your smartphone game today! #SamsungS22 #WalesTechNg #ExclusiveDeal #TechUpgrade https://t.co/y1tDdz61FI,samsungS22,Neutral
It very easy to switch between sims now that i have my Esim activated on my device. Grab your iPhone ( Xr upwards) or android (samsungs22 upwards) and enter into any AirtelTigo office to get your Esim now. #LifeIsSimple #AirtelTigoESIM https://t.co/Kn4Sv2HYLP,samsungS22,Neutral
Whats your sunset look like tonight? #unedited #samsungS22 #photography #sunsetsummerfever https://t.co/0rS9EVzx7G,samsungS22,Neutral
Clicked today at Delhi after rain. #samsung #samsungs22 #shotonsamsung #rain #champa #flowers #nature https://t.co/bPLNENk4e7,samsungS22,Neutral
A wee visit to Achnahaird. Zero light but lying hail made it feel a wee bit different #Scotland #samsungS22 #lightrooommobile https://t.co/Pvpa0XJqAb,samsungS22,Neutral
Sorrounded by beauty every season. #sharetheepic #samsungS22 #withGalaxy #Samsung #NaturePhotography @SamsungMobile @SamsungSchweiz https://t.co/Klh1R5J2Lq,samsungS22,Neutral
Mis bebesÔ∏è Ponete la 10 y dame cange #samsungs21 #samsungs22 #samsungs23 https://t.co/lHEd7swZsk,samsungS22,Neutral
Samsung Galaxy S23 vs Samsung Galaxy S22 detailed comparison #samsungs23 #samsungs22 #samsung #fiiber Link:https://t.co/DdJDIavuUt https://t.co/r3Y5IM8roY,samsungS22,Neutral
Finalmente abandonei as selfies com filtro do insta essa celular consegue me deixar do jeito que me vejo no espelho Am√©m #Samsungs22 https://t.co/7XgQgis94A,samsungS22,Neutral
Good Morning Everyone Samsung S22 #SamsungS22 #S23 https://t.co/MbKuXiK7PB,samsungS22,Positive
Last night's moon bit disappointed with the camera #samsungs22 thought it would be clearer https://t.co/J7JMu81uJk,samsungS22,Positive
Anybody want a charging case for a Samsung Galaxy S22 Very handy things but not when you've got an S22 ultra #sentthewrongone #samsungS22 https://t.co/mpflmeOIl1,samsungS22,Positive
Classic filter #SamsungS22 Sky #Kitimat #BritishColumbia https://t.co/9dcUvZV0Cf,samsungS22,Neutral
Tonight's moon. #SamsungS22 https://t.co/6ITumXohyn,samsungS22,Neutral
Imag√≠nate llevarte tu S22 Normal de 256GB! Y tu PrePlan Bigcel de 12 Meses! Llamadas y SMS Internet para Navegar Por $12 500! Quien dijo yo? Y tenemos m√°s ofertas que te aseguro! Te quedas con una! #Samsung #SamsungUnpacked #samsungs22 #Internet https://t.co/oVHfUNzmzN,samsungS22,Neutral
The sunset yesterday at Mbadlane was magical. I shot this photo through windscreen of a moving car #samsungs22 #eswatini #SunsetLovers #sunsetparadise https://t.co/QlfZp5GS7R,samsungS22,Negative
Flying today but caught a few shots of the eclipse from the airport and airplane. #samsungs22 https://t.co/4EBCLHaJo8,samsungS22,Positive
Eu achei impressionante a qualidade da foto no modo noturno do #samsungs22 https://t.co/nXKnTE56Ld,samsungS22,Neutral
A new version of the #Samsung #ExpertRAW app has been released. As by the changelog: -) The image quality has been improved -) Errors have been fixed Let's try... #utility #app #android #samsungs23 #SamsungS22 #editing #camera #raw https://t.co/goxL6lPoFT,samsungS22,Neutral
Hey @CoinStats whats happening with the app? #Android #SamsungS22 https://t.co/8N2vRNfxLW,samsungS22,Neutral
 The Black Friday Sale in ON Get awesome discounts on refurbished smartphones on Cashify Offers live on the Cashify Website | App | Stores #cashify #refurbishedphones #usedphones #iphone11 #iphone12 #iphone13 #iphone14 #samsungs23 #samsungs22 #oneplus https://t.co/rLN3TcUMiM,samsungS22,Neutral
 #g√∂ky√ºz√º #Samsunga54 #Samsung https://t.co/kLZm9GOfl9,samsungA54,Positive
G√ºne≈üin g√∂r√ºnt√ºs√º..Ô∏è#G√ºne≈ü #samsunga54 https://t.co/7lnRCetoh0,samsungA54,Neutral
wts Samsung Galaxy A54 8/256 garansi resmi garansi masih ada 5.2 nego yaaa cod/shopee/tokped bisa yaaaa buat yg minat langsung dm aja #samsunga54 #wtssamsunga54 #jualhpsamsung https://t.co/cJDaYTGP2r,samsungA54,Positive
¬øBuscas un gran celular al mejor precio? ¬°Aqu√≠ est√°! Con alta resistencia contra polvo y agua una c√°mara de alta gama adem√°s de altavoces est√©reo el Samsung A54 es una excelente opci√≥n. ¬øTienes alguna duda? Cont√°ctanos por WhatsApp 55 6809 0806. #ATTVIPMX #SamsungA54 https://t.co/EoC1K6Jqyb,samsungA54,Neutral
#flower #nature #photography #samsungA54 https://t.co/Et4T7mCSZR,samsungA54,Neutral
#nightview #photography #samsunga54 https://t.co/rn5qpoXcAz,samsungA54,Neutral
New Phone Day #NewPhone #SamsungA54 https://t.co/clwz82q3Uu,samsungA54,Negative
Victoria Day #photography #nature #samsungA54 https://t.co/lfyDlNP2Hq,samsungA54,Neutral
Highest ever 5G recorded on my #SamsungA54. Airtel is doing too good!. https://t.co/Q48K8COROq,samsungA54,Positive
May 26 2024 #ÂÜôÁúü #photography #nature #samsungA54 https://t.co/YBWGJSQyQr,samsungA54,Negative
Â§ñ„ÅØ36Â∫¶„ÅßÂ§™ÈôΩ„ÅåÁÅºÁÜ±„Åß„Åô Â±ãÂÜÖ„ÅÆÊ∞¥ÈÅìÁÆ°„ÅØ„ÄåÂÜ∑„ÇÑÊ±ó„Äç„ÅåÂá∫„Çã„Åª„Å©ÁÜ±„ÅÑ... #ÂÜôÁúü #nature #photography #summer #samsungA54 https://t.co/4WDMIeOmwh,samsungA54,Neutral
Waarom zij beide fotos 23mm terwijl de full meer ingezoomd is dan 3:4 #samsung #samsunga54 https://t.co/SrxKUFZ0VY,samsungA54,Positive
Corona de cristo #copoya #chiapas #NaturePhotography #flower #macro #samsungA54 https://t.co/p8h9i7CyGJ,samsungA54,Neutral
Flor de cact√°cea. #NaturePhotography #chiapas #mexico #macrophotography #samsungA54 https://t.co/86bKDZ7oCm,samsungA54,Neutral
Blue &amp; Green #photography #nature #samsungA54 https://t.co/2KlJZZdtfF,samsungA54,Neutral
¬°Qu√© bonito es el #oto√±o! #ParqueAndaluc√≠a #Alcobendas #SamsungA54 https://t.co/Lq6vnpGQ1K,samsungA54,Neutral
Probando la c√°mara del #SamsungA54 Not bad eh! https://t.co/eLQlYdE8CF,samsungA54,Neutral
One UI 6.1 Schedule Updated date and devices Next target date is now May 14 Galaxy A54 Galaxy A53 Galaxy S21 FE Galaxy S22 series Galaxy Z Fold4 / Flip4 #samsung #oneui #sahejsain #samsunga54 #samsunga53 #samsungs22ultra https://t.co/PDAMKYI2mq,samsungA54,Neutral
‡Æí‡Æ∞‡ØÅ ‡Æö‡ØÜ‡ÆÆ‡Øç‡ÆÆ 5G Smartphone ‡ÆÜ‡Æ©‡Ææ? Samsung A34 5G - Really Worth for Price? TB Video Link: https://t.co/fEXlTqi8V8 #SamsungGalaxyA345G #SamsungA34 #TechBuddies #Tamil https://t.co/9WbU6XZa7v,samsungA34,Neutral
Samsung Galaxy A34 ki·ªÉu d√°ng thanh l·ªãch gi√° ∆∞u ƒë√£i t·∫°i CellphoneS! https://t.co/NgiJY6S2eb #CellphoneS #Samsung #SamsungA34 https://t.co/VQLUAQM9k3,samsungA34,Positive
Sunrise Ô∏è #sunrise #photography #SamsungUnpacked #samsungA34 @SamsungIndia @SamsungMobile https://t.co/fbFFb1wKw6,samsungA34,Neutral
Pointek Discount Sales! Buy the Samsung A34 and A54 now and save up to N150 000 today. Hurry now! Ô∏è: 08077102491 : https://t.co/GEXtcDr5Sr #Pointekonline #54 #Discount #SamsungA34 #samsung #SamsungA54 https://t.co/8zmjEypAtX,samsungA34,Neutral
Save big on high-quality products! Shukisha ensures top-class prices that are unmatched locally and internationally. Elevate your bidding game now! #ShukishaAuctions Lowest UniqueBid onShukisha BidoN SamsungA34 AppleAirpods https://t.co/B0qfKeGp1M,samsungA34,Neutral
Elevate your tech game with #ShukishaAuctions Bid now on the sleek Samsung A34 and immerse yourself in the Apple Airpods experience. Unbeatable deals await don't let this opportunity slip away. LLowest UniqueBid onShukisha BidoN SamsungA34 AppleAirpods https://t.co/LX3IoSUq7L,samsungA34,Negative
Sitting alone enjoying the water flow ever so gently the reeds swaying in the cool breeze the chirping of birds Ô∏è #morningvibes #photography #samsunga34 @SamsungIndia @SamsungMobile https://t.co/MhBaMardeI,samsungA34,Neutral
Samsung A34 started recieving circle to search in india #galaxya34 #samsunga34 #oneui #oneui6 @tarunvats33 https://t.co/kwk06VihNn,samsungA34,Negative
 Dise√±o Elegante: Su dise√±o estilizado y ergon√≥mico se adapta perfectamente a tu mano ofreci√©ndote comodidad y estilo en cada interacci√≥n. #SamsungA34 #Smartphone #PiensaDS Visita nuestra Tienda en L√≠nea: https://t.co/VJe0XwaCdO https://t.co/xuWHP1bY2Z,samsungA34,Neutral
Tick-tock! The timer is your ally at Shukisha. When it runs out the lowest unique bid wins. Register now for a chance to score incredible deals #ShukishaAuctions Lowest UniqueBid onShukisha BidoN SamsungA34 AppleAirpods @ShukishaKE https://t.co/XGtL94Ux8y,samsungA34,Neutral
Be part of the excitement at Shukisha! Bid on exclusive items and enjoy a competitive edge in acquiring top-notch tech. Your future tech treasures await! #ShukishaAuctions Lowest UniqueBid onShukisha BidoN SamsungA34 AppleAirpods @ShukishaKE https://t.co/FQmjMGWhCe,samsungA34,Neutral
‡§∏‡•à‡§Æ‡§∏‡§Ç‡§ó ‡§ï‡•á ‡§á‡§∏ ‡§´‡§º‡•ã‡§® ‡§™‡§∞ ‡§Æ‡§ø‡§≤ ‡§∞‡§π‡•Ä ‡§π‡•à ‡§¨‡§Ç‡§™‡§∞ ‡§õ‡•Ç‡§ü ‡§∏‡•ç‡§ü‡•â‡§ï ‡§ñ‡§º‡§§‡•ç‡§Æ ‡§π‡•ã‡§®‡•á ‡§∏‡•á ‡§™‡§π‡§≤‡•á ‡§ï‡§∞‡•á‡§Ç ‡§Ü‡§∞‡•ç‡§°‡§∞ #Samsung #SamsungMobile #SamsungA34 ‡§™‡•Ç‡§∞‡•Ä ‡§ñ‡§¨‡§∞ ‡§™‡§¢‡§º‡•á‡§Ç : https://t.co/WPjrJkSM1k https://t.co/CzjGSisTVm,samsungA34,Neutral
