"conversation_id_str","created_at","favorite_count","full_text","id_str","image_url","in_reply_to_screen_name","lang","location","quote_count","reply_count","retweet_count","tweet_url","user_id_str","username"
"1828126806911938672","Mon Aug 26 17:46:10 +0000 2024","1","#PhotoModeMonday #photooftheday #photography #PHOTOS #samsungs24 https://t.co/QV1crnRhCB","1828126806911938672","https://pbs.twimg.com/media/GV7PpG6WoAAzeZ3.jpg","","qme","","0","0","0","https://x.com/AlfinKedisi/status/1828126806911938672","1172904472789553152","AlfinKedisi"
"1813097518919786927","Tue Jul 16 06:25:08 +0000 2024","1","Samsung S24 8+128GB Only ‚Çπ59 960 Available on Amazon https://t.co/vzZDGQOwTu #SamsungS24 https://t.co/lwYTBEcDrI","1813097518919786927","https://pbs.twimg.com/media/GSlqlaLXEAA8H76.jpg","","en","Jamshedpur","0","0","0","https://x.com/TechnicalShaan/status/1813097518919786927","2964070773","TechnicalShaan"
"1769773297590304943","Mon Mar 18 17:10:09 +0000 2024","13","Why are you beautiful #SamsungS24 https://t.co/ZnTtY4R4Hp","1769773297590304943","https://pbs.twimg.com/media/GI9_bnPagAMhBUx.jpg","","en","somewhere on earth ","0","1","1","https://x.com/RVGowtham1/status/1769773297590304943","747608486293311488","RVGowtham1"
"1810778483813142575","Tue Jul 09 20:50:07 +0000 2024","0","#hisandherphones #samsungS24 #SamsungS24+ https://t.co/mP978gqXFS","1810778483813142575","https://pbs.twimg.com/media/GSEtbztWgAA_IYG.jpg","","und","","0","0","0","https://x.com/JadeWheelhouse_/status/1810778483813142575","357845030","JadeWheelhouse_"
"1798342814616711483","Wed Jun 05 13:15:13 +0000 2024","9","‡∏û‡∏µ‡πà‡πÄ‡∏â‡∏¥‡∏ô‡∏≠‡∏±‡∏û‡πÄ‡∏ß‡πà‡∏¢ ‡∏™‡∏ß‡∏¢‡∏°‡∏≤‡∏Å‡πÄ‡∏•‡∏¢ ‡∏°‡∏≤‡∏à‡∏≤‡∏Å‡∏™‡∏ß‡∏ô‡∏™‡∏±‡∏ï‡∏ß‡πå‡∏´‡∏á‡∏ã‡∏≤‡∏ô‡∏â‡∏±‡∏ô‡πÑ‡∏î‡πâ‡∏£‡∏±‡∏ö‡∏Å‡∏•‡πà‡∏≠‡∏á‡∏Ç‡∏≠‡∏á‡∏Ç‡∏ß‡∏±‡∏ç‡∏™‡∏∏‡∏î‡∏û‡∏¥‡πÄ‡∏®‡∏©‡∏ó‡∏µ‡πà‡πÄ‡∏õ‡πá‡∏ô‡πÅ‡∏ö‡∏£‡∏ô‡∏î‡πå‡πÅ‡∏≠‡∏°‡πÇ‡∏î‡∏¢ #SamsungS24 ‡∏õ‡∏•‡∏î‡∏•‡πá‡∏≠‡∏Å‡∏Ñ‡∏ß‡∏≤‡∏°‡∏™‡∏ô‡∏∏‡∏Å‡∏Ç‡∏≠‡∏á DIY ‡πÉ‡∏ô‡∏Ñ‡∏£‡∏≤‡∏ß‡πÄ‡∏î‡∏µ‡∏¢‡∏ß ‡πÅ‡∏•‡πâ‡∏ß‡∏õ‡∏•‡πà‡∏≠‡∏¢‡πÉ‡∏´‡πâ‡∏™‡∏±‡∏ï‡∏ß‡πå‡∏ô‡πà‡∏≤‡∏£‡∏±‡∏Å‡πÜ‡∏°‡∏≤‡πÄ‡∏•‡πà‡∏ô‡∏Å‡∏±‡∏ô Ô∏è #‡∏à‡∏¥‡∏ô‡πÄ‡∏â‡∏¥‡∏ô #‡∏ï‡πâ‡∏≤‡∏ã‡∏µ #JinChen #JC 20240605 https://t.co/G4bzsyOhHh","1798342814616711483","https://pbs.twimg.com/media/GPT_Qiia0AAaJxm.jpg","","th","‡πÄ‡∏â‡∏¥‡∏ô‡∏ã‡∏µ‡∏Ç‡∏≠‡∏á‡∏ï‡πâ‡∏≤‡∏ã‡∏µ / ig:jinchen905","0","0","1","https://x.com/jindaxi_jc/status/1798342814616711483","1420622928303980544","jindaxi_jc"
"1773206267755925967","Thu Mar 28 04:31:33 +0000 2024","394","‡∏™‡∏ß‡∏¢‡∏ï‡∏≤‡πÅ‡∏ï‡∏Å #‡πÄ‡∏ô‡πÄ‡∏ô‡πà #Nene #nenevader #SamsungS24 #GalaxyS24Ultra https://t.co/DHOt614wZy","1773206267755925967","https://pbs.twimg.com/media/GJuxshOaAAA-QCY.jpg","","th","","0","0","348","https://x.com/cat71171/status/1773206267755925967","1201929401954267136","cat71171"
"1810819572875837643","Tue Jul 09 23:33:24 +0000 2024","1","I took this picture with the fuckin #samsungs24 #s24 and this useless waste of money keeps disappointing. Look at that fckin edge. Isn't this phone supposed to be intelligent cause it's been acting pretty r3tarded since I bought it. Do NOT purchase it. https://t.co/GdEgT6AY6u","1810819572875837643","https://pbs.twimg.com/media/GSFSzNqaUAUQOC7.jpg","","en","","0","1","0","https://x.com/ClityYeastwood/status/1810819572875837643","1605225226194796548","ClityYeastwood"
"1833897007699636544","Wed Sep 11 15:54:53 +0000 2024","3","Aura for Aura now it's spec for spec. The Samsung S24 was released in January 2024 and the iPhone 16 drops this month. Are you Team Samsung or Team iPhone? Let us know and mention 2 standout features you love! #Motobills #iPhone16 #SamsungS24 #PayWithMotobills #iPhone #Samsung https://t.co/ufHa8l7GDA","1833897007699636544","https://pbs.twimg.com/media/GXNPmkvWsAAvVKR.jpg","","en","Nigeria ","0","2","1","https://x.com/motopayng/status/1833897007699636544","1655936641763270657","motopayng"
"1820822128880709649","Tue Aug 06 13:59:59 +0000 2024","0","12MP vs 50MP in Night Mode. Tell me which one is better. #SamsungS24 https://t.co/AxB8pLAhff","1820822128880709649","https://pbs.twimg.com/media/GUTcEa9WIAAAKMh.jpg","","en","","0","0","0","https://x.com/ItsJyoti/status/1820822128880709649","123918516","ItsJyoti"
"1831483151736304027","Thu Sep 05 00:03:05 +0000 2024","18","Atardecer en la reja de AEP Ô∏èüá¶üá∑ 04/09/24 #Atardecer #PuestaDeSol #sunset #crepusculo #avgeek #aviation #Argentina #SamsungS24 https://t.co/1h8bbrOTvE","1831483151736304027","https://pbs.twimg.com/media/GWq8OHZXEAATaaF.jpg","","pt","Ciudad Aut√≥noma Buenos Aires","0","0","8","https://x.com/Ferfast/status/1831483151736304027","835844368653303808","Ferfast"
"1825072523400356191","Sun Aug 18 07:29:32 +0000 2024","0","#samsungS24 #galaxyAI #Galaxys24fans #galaxyenhypen @samsungID https://t.co/lFfL0dhBXj","1825072523400356191","https://pbs.twimg.com/media/GVP1vihbMAAK8jo.jpg","","qme","Indonesia","0","0","0","https://x.com/hiddenblessed/status/1825072523400356191","81267589","hiddenblessed"
"1817088384793223361","Sat Jul 27 06:43:25 +0000 2024","5","Morning walk with my mobile phone. Have a great Saturday :) #beactive #morning #samsungs24 #mobilephone https://t.co/Bvmy1mqp01","1817088384793223361","https://pbs.twimg.com/media/GTeYHQ_XkAAJ6yd.jpg","","en","Lancashire, UK","0","0","0","https://x.com/KPPhotography4/status/1817088384793223361","1363759659409158146","KPPhotography4"
"1819026064464859191","Thu Aug 01 15:03:04 +0000 2024","0"," Samsung S24 Ultra 256gb ‡∏ß‡∏≤‡∏á‡∏î‡∏≤‡∏ß‡∏ô‡πå 20 ‡∏õ‡∏µ‡∏Ç‡∏∂‡πâ‡∏ô‡πÑ‡∏õ ‡∏ú‡πà‡∏≠‡∏ô‡∏Ñ‡∏£‡∏ö‡∏£‡∏±‡∏ö‡∏Ç‡∏≠‡∏á 18 ‡∏õ‡∏µ‡∏Ç‡∏∂‡πâ‡∏ô‡πÑ‡∏õ ‡∏ô‡∏±‡∏î‡∏£‡∏±‡∏ö‡∏´‡∏ô‡πâ‡∏≤‡∏£‡πâ‡∏≤‡∏ô ‡∏´‡∏±‡∏ß‡πÄ‡∏â‡∏µ‡∏¢‡∏ß ‡∏™‡∏°‡∏∏‡∏ó‡∏£‡∏õ‡∏£‡∏≤‡∏Å‡∏≤‡∏£ ‡πÅ‡∏≠‡∏î‡πÑ‡∏•‡∏ô‡πå : https://t.co/XjlfHrb09S #samsungs24 #‡∏ã‡∏±‡∏°‡∏ã‡∏∏‡∏á‡∏°‡∏∑‡∏≠2 #S24 #‡πÑ‡∏≠‡πÇ‡∏ü‡∏ô‡∏°‡∏∑‡∏≠2 #samsung‡∏°‡∏∑‡∏≠2 #‡πÇ‡∏ó‡∏£‡∏®‡∏±‡∏û‡∏ó‡πå‡∏°‡∏∑‡∏≠‡∏™‡∏≠‡∏á #‡∏ï‡∏•‡∏≤‡∏î‡∏ô‡∏±‡∏înct #‡πÇ‡∏ó‡∏£‡∏®‡∏±‡∏û‡∏ó‡πå‡∏°‡∏∑‡∏≠2 #‡∏ß‡∏≤‡∏á‡∏î‡∏≤‡∏ß‡∏ô‡πå https://t.co/TBswZl34lE","1819026064464859191","https://pbs.twimg.com/media/GT56j4hXQAABZ9y.jpg","","th","‡πÅ‡∏≠‡∏î‡πÑ‡∏•‡∏ô‡πå‡πÄ‡∏ó‡πà‡∏≤‡∏ô‡∏±‡πâ‡∏ô‡∏Ñ‡πà‡∏∞ ü§ç","0","0","0","https://x.com/dybeer_sale01/status/1819026064464859191","1430803664025767942","dybeer_sale01"
"1833544990859071884","Tue Sep 10 16:36:06 +0000 2024","3","Galaxy S24¬†Ultra remainder Buy the new Samsung Galaxy S24 Ultra with new AI features. #samsungS24 #samsungs24_ultra #samsung https://t.co/C4Qa829ta3","1833544990859071884","https://pbs.twimg.com/media/GXIPbbzbEAE3Uz0.jpg","","en","‡§Æ‡§ß‡•ç‡§Ø‡§™‡•ç‡§∞‡§¶‡•á‡§∂, ‡§≠‡§æ‡§∞‡§§","0","0","1","https://x.com/IamNepalkushwah/status/1833544990859071884","1690304495497207808","IamNepalkushwah"
"1773198941992939770","Thu Mar 28 04:02:26 +0000 2024","306","One day with me and Galaxy S24 Ultra ‡∏£‡∏π‡∏õ‡∏™‡∏ß‡∏¢ ‡∏Ñ‡∏ô‡∏™‡∏ß‡∏¢ #nenevader #SamsungS24 #GalaxyS24Ultra https://t.co/uQsOStFBW9","1773198941992939770","https://pbs.twimg.com/media/GJurBwjaYAAQZZM.jpg","","en","markbam jaedo nomin dongren","0","1","317","https://x.com/plawarnnnnn/status/1773198941992939770","4318042053","plawarnnnnn"
"1768393739636977804","Thu Mar 14 21:48:17 +0000 2024","6","Love is in the air #pitaka #S24Ultra @PitakaGallery #samsungs24 https://t.co/I2goNSkNzm","1768393739636977804","https://pbs.twimg.com/media/GIqYupBWQAADnH9.jpg","","en","New York, USA","0","0","1","https://x.com/TheJabberTech/status/1768393739636977804","906172394456436738","TheJabberTech"
"1830949073823641850","Tue Sep 03 12:40:51 +0000 2024","1","iPhone 15 pro Max vs Google pixel 9 pro Xl vs samsung galaxie S24 ultra Cam√©ra test Qui est le meilleur ? Who is the best? #iPhone15Pro #samsung #samsungs24 #Pixel9ProXL #google #apple https://t.co/tNFkZtEbUq","1830949073823641850","https://pbs.twimg.com/amplify_video_thumb/1830948972300509184/img/sSs2pz0RNGbnNNnS.jpg","","fr","France","0","0","0","https://x.com/gnakalehacker01/status/1830949073823641850","816553669898489856","gnakalehacker01"
"1773380360644042997","Thu Mar 28 16:03:20 +0000 2024","5","With the amount of note taking I need to do for literally EVERT part of my life @SamsungMobileSA s #SamsungS24 came to really make my life a lot easier. Whether it s with the keyboard or S Pen #AI has truly showed up for us! Thank you Besties https://t.co/iSgnuAS6mw","1773380360644042997","https://pbs.twimg.com/media/GJxQB-oWMAAzYqh.jpg","","en","Johannesburg, South Africa","0","2","3","https://x.com/phumeza_shh/status/1773380360644042997","41766236","phumeza_shh"
"1779185277350953216","Sat Apr 13 16:30:00 +0000 2024","2","New Languages on Galaxy AI #SamsungS24 #GalaxyAI #NewLanguages #greedytech https://t.co/SkmSvW6mW7","1779185277350953216","https://pbs.twimg.com/ext_tw_video_thumb/1779113793466892288/pu/img/rMdnY8z_we5UFtBs.jpg","","fr","Hyderabad, India","0","1","1","https://x.com/GreedyTech/status/1779185277350953216","1116090350","GreedyTech"
"1822434689371472011","Sun Aug 11 00:47:43 +0000 2024","0","Bueno muchachos si Hay pregunt√© por el suyo. Plan Retoma env√≠os nacionales Env√≠o üá®üá¥ #iPhone15ProMax #SamsungS24 #SamsungS22Ultra #iPhone11 https://t.co/TK8IPoqcsf","1822434689371472011","https://pbs.twimg.com/media/GUqWsCuWQAAccEr.jpg","","es","","0","1","0","https://x.com/Lazzagabasther/status/1822434689371472011","300070403","Lazzagabasther"
"1808062912361009545","Tue Jul 02 08:59:25 +0000 2024","1","Dobro jutro! Evo ga prvi telefon hol (nije moj naravno ja sam iphone tim ) #samsungS24 #Samsung https://t.co/zCg53ew9FO","1808062912361009545","https://pbs.twimg.com/media/GReHoMqWAAEBiQo.jpg","","und","","0","0","0","https://x.com/PrettyWoman3111/status/1808062912361009545","1546980249304449024","PrettyWoman3111"
"1777416100579344697","Mon Apr 08 19:19:55 +0000 2024","0","Witness #SolarEclipse2024 #samsungs24 https://t.co/Ti4b6T7AVg","1777416100579344697","https://pbs.twimg.com/media/GKqmhjOWEAA6lDh.jpg","","en","Reynoldsburg, OH üåé","0","0","0","https://x.com/La_And_er/status/1777416100579344697","80889905","La_And_er"
"1795737782075400568","Wed May 29 08:43:45 +0000 2024","0"," SAMSUNG S24 ultra 12+ 256gb ‡∏ô‡∏±‡∏î‡∏£‡∏±‡∏ö‡∏™‡πà‡∏á‡πÅ‡∏°‡∏™ ‡πÄ‡∏Å‡πá‡∏ö‡∏õ‡∏•‡∏≤‡∏¢‡∏ó‡∏≤‡∏á ‡∏ô‡∏±‡∏î‡∏£‡∏±‡∏ö‡∏´‡∏ô‡πâ‡∏≤‡∏£‡πâ‡∏≤‡∏ô ‡∏™‡∏°‡∏∏‡∏ó‡∏£‡∏õ‡∏£‡∏≤‡∏Å‡∏≤‡∏£ ‡∏ä‡∏•‡∏ö‡∏∏‡∏£‡∏µ ‡πÅ‡∏≠‡∏î‡πÑ‡∏•‡∏ô‡πå : https://t.co/XjlfHrb09S #samsung #samsungs24 #‡∏ã‡∏±‡∏°‡∏ã‡∏∏‡∏á‡∏°‡∏∑‡∏≠2 #‡∏ã‡∏±‡∏°‡∏ã‡∏∏‡∏ás24 #samsung‡∏°‡∏∑‡∏≠2 #‡πÇ‡∏ó‡∏£‡∏®‡∏±‡∏û‡∏ó‡πå‡∏°‡∏∑‡∏≠‡∏™‡∏≠‡∏á #‡∏ï‡∏•‡∏≤‡∏î‡∏ô‡∏±‡∏înct #‡πÇ‡∏ó‡∏£‡∏®‡∏±‡∏û‡∏ó‡πå‡∏°‡∏∑‡∏≠2 #‡πÄ‡∏ä‡πà‡∏≤S24Ultra #‡πÑ‡∏≠‡πÇ‡∏ü‡∏ô‡∏°‡∏∑‡∏≠2 https://t.co/UHV3rhESBn","1795737782075400568","https://pbs.twimg.com/media/GOu9_g3bwAAa2PF.jpg","","th","‡πÅ‡∏≠‡∏î‡πÑ‡∏•‡∏ô‡πå‡πÄ‡∏ó‡πà‡∏≤‡∏ô‡∏±‡πâ‡∏ô‡∏Ñ‡πà‡∏∞ ü§ç","0","0","0","https://x.com/dybeer_sale01/status/1795737782075400568","1430803664025767942","dybeer_sale01"
"1833559161046802863","Tue Sep 10 17:32:24 +0000 2024","0","We long... I mean loooong past camera button stage or AI. On to the next bigger stuff whilst y'all chilling at the camera button stage. #samsung #samsungs23 #samsungs24 #Apple16 https://t.co/3MzzzJ0t80","1833559161046802863","https://pbs.twimg.com/ext_tw_video_thumb/1833559089260998656/pu/img/cc1wMBTBPddasjJH.jpg","","en","√úT: -25.750703,28.239784","0","0","0","https://x.com/maoligp/status/1833559161046802863","66129197","maoligp"
"1814277209760411753","Fri Jul 19 12:32:49 +0000 2024","82","Ye gift humne apne aapko diya hai #SamsungS24+ @SamsungIndia https://t.co/74XoW9bWbF","1814277209760411753","https://pbs.twimg.com/media/GS2bfJ0WIAIQihz.jpg","","tl","New York, USA","1","34","5","https://x.com/RisingPiku/status/1814277209760411753","1304650362138157057","RisingPiku"
"1771890880951066675","Sun Mar 24 13:24:40 +0000 2024","1","Toch wel 'bizar' ... Samsung AI alsof die halsbandparkiet niet vanochtend achter een takkie zat .. #samsungs24 https://t.co/xpSnZa3A8L","1771890880951066675","https://pbs.twimg.com/media/GJcFXXzWIAAKu1c.jpg","","nl","Rotterdam, Nederland","0","1","0","https://x.com/RemyAMS/status/1771890880951066675","543630705","RemyAMS"
"1808758966136005000","Thu Jul 04 07:05:17 +0000 2024","3","Went to Disney last week and man I love this camera on my phone. These pics were #Disney #DisneyWorld #MagicKingdom #AnimalKingdom #Epcot #SamsungS24 #Ultra https://t.co/091BIxsnjk","1808758966136005000","https://pbs.twimg.com/media/GRoAr1BWAAAyyF_.jpg","","en","","0","0","0","https://x.com/Hackerboy__/status/1808758966136005000","3658906588","Hackerboy__"
"1827578700696564098","Sun Aug 25 05:28:11 +0000 2024","13","Which one in your opinion is the most valuable flagship of 2024? #Tech #Smartphones #Oneplus12 #SamsungS24 https://t.co/gmiR1l9TDq","1827578700696564098","https://pbs.twimg.com/media/GVzdJC6XQAABZr6.jpg","","en","#Paradise","0","6","1","https://x.com/VaLeYBHAI/status/1827578700696564098","1543669902867058688","VaLeYBHAI"
"1813094037756465565","Tue Jul 16 06:11:18 +0000 2024","6","Samsung S24 8+128GB Only ‚Çπ59 960 Available on Amazon https://t.co/tzizgB0FyK #SamsungS24 https://t.co/rQqOZ0Gs0m","1813094037756465565","https://pbs.twimg.com/media/GSlnagVbIAU0lQV.jpg","","en","Delhi NCR","0","1","0","https://x.com/sumitobroy25/status/1813094037756465565","837627444290957313","sumitobroy25"
"1835559239009583434","Mon Sep 16 06:00:00 +0000 2024","0"," ‡∏¢‡∏¥‡πà‡∏á‡∏≠‡∏¢‡∏π‡πà‡∏ô‡∏≤‡∏ô‡∏¢‡∏¥‡πà‡∏á‡∏£‡∏±‡∏Å‡∏Å‡∏±‡∏ô ‡πÄ‡∏â‡∏û‡∏≤‡∏∞‡∏•‡∏π‡∏Å‡∏Ñ‡πâ‡∏≤‡∏ó‡∏£‡∏π‡∏°‡∏π‡∏ü‡∏≠‡∏±‡∏õ‡πÄ‡∏Å‡∏£‡∏î‡∏°‡∏∑‡∏≠‡∏ñ‡∏∑‡∏≠ 5G ‡∏£‡∏±‡∏ö‡∏™‡πà‡∏ß‡∏ô‡∏•‡∏î‡πÄ‡∏û‡∏¥‡πà‡∏° ‡∏™‡∏π‡∏á‡∏™‡∏∏‡∏î 4 500 ‡∏ö. ‡∏à‡∏≤‡∏Å‡∏≠‡∏≤‡∏¢‡∏∏‡∏Å‡∏≤‡∏£‡πÉ‡∏ä‡πâ‡∏á‡∏≤‡∏ô‡∏£‡∏≤‡∏¢‡πÄ‡∏î‡∏∑‡∏≠‡∏ô‡∏ï‡∏±‡πâ‡∏á‡πÅ‡∏ï‡πà 2 ‡∏õ‡∏µ‡∏Ç‡∏∂‡πâ‡∏ô‡πÑ‡∏õ ‡∏ï‡∏£‡∏ß‡∏à‡∏™‡∏≠‡∏ö‡πÅ‡∏•‡∏∞‡∏£‡∏±‡∏ö‡∏™‡∏¥‡∏ó‡∏ò‡∏¥‡∏Å‡∏î *399*222# ‡πÄ‡∏û‡∏¥‡πà‡∏°‡πÄ‡∏ï‡∏¥‡∏° ‡∏Ñ‡∏•‡∏¥‡∏Å https://t.co/FRC8qekTNm ‡∏ã‡∏∑‡πâ‡∏≠‡πÄ‡∏•‡∏¢ ‡∏ß‡∏±‡∏ô‡∏ô‡∏µ‡πâ - 30 ‡∏Å.‡∏¢.67 #True5G #‡∏ó‡∏£‡∏π #SamsungS24 #‡πÇ‡∏õ‡∏£‡πÇ‡∏ó‡∏£‡∏®‡∏±‡∏û‡∏ó‡πå‡∏ó‡∏£‡∏π https://t.co/FTqrQgr1xi","1835559239009583434","https://pbs.twimg.com/media/GXQWU9WbgAAd-xS.jpg","","th","‡∏õ‡∏£‡∏∞‡πÄ‡∏ó‡∏®‡πÑ‡∏ó‡∏¢","0","0","0","https://x.com/TrueMoveH/status/1835559239009583434","279132477","TrueMoveH"
"1791816402518585661","Sat May 18 13:01:35 +0000 2024","0","New phone alert bye s9 hello s24 #samsungs24 https://t.co/xW27Aw3RCH","1791816402518585661","https://pbs.twimg.com/media/GN3PhZXWoAAnlls.jpg","","en","sleepaway camp  ","0","0","0","https://x.com/PippaFarley/status/1791816402518585661","601852369","PippaFarley"
"1802699330819887521","Mon Jun 17 13:46:27 +0000 2024","1","Finally I was able to pull up more than 7hr SOT from my #GalaxyS24Plus. Getting good SOT has been rare since that battery draining update in April. #SamsungS24 https://t.co/HTm5kgqlkD","1802699330819887521","https://pbs.twimg.com/media/GQR5e8zb0AACak3.jpg","","en","Earth-616","0","0","0","https://x.com/me_plaknas/status/1802699330819887521","183521134","me_plaknas"
"1770813619912978613","Thu Mar 21 14:04:01 +0000 2024","0","#ShopeeFlashSale #TemperedGlass #SamsungGalaxyS24 Ultra Plus #SpigenGlass tR EZ Fit 9H seharga Rp266.750. Dapatkan sekarang jg di Shopee! #temperedglasssamsungs24 #tgsamsungs24 #tgsamsunggalaxys24 #samsungs24temperedglass #samsungs24 https://t.co/cBoNMSGH4w https://t.co/pZsUQQPitT","1770813619912978613","https://pbs.twimg.com/media/GJMxlgZX0AEkdKc.jpg","","in","Jakarta Selatan, DKI Jakarta","0","0","0","https://x.com/AbbyGlia/status/1770813619912978613","35114020","AbbyGlia"
"1819422184063824011","Fri Aug 02 17:17:06 +0000 2024","1","Galaxy S24 Case - Blue [Limited Edition] Only 100 Cases in the World COVERT Series #Ghostek #SamsungGalaxyS24 #GalaxyS24 #S24 #SamsungS24 #SamsungGalaxyS24Ultra #SamsungGalaxyS24Plus #GalaxyS24Ultra #GalaxyS24Plus #S24Ultra #S24Plus https://t.co/xr52fO145N","1819422184063824011","https://pbs.twimg.com/media/GT_izdEW8Aw26AA.jpg","","en","Brooklyn Army Terminal, NYC","0","1","0","https://x.com/GhostekProducts/status/1819422184063824011","763406203816910848","GhostekProducts"
"1785511965365837841","Wed May 01 03:30:00 +0000 2024","9","La Roach-Posay Jerhigh ‡πÅ‡∏•‡∏∞ Samsung ‡∏ó‡∏≥‡πÉ‡∏´‡πâ‡∏•‡∏π‡∏Å‡∏Ñ‡πâ‡∏≤‡πÄ‡∏õ‡∏•‡∏µ‡πà‡∏¢‡∏ô‡πÉ‡∏à ‡πÄ‡∏•‡∏¥‡∏Å‡πÉ‡∏ä‡πâ‡πÅ‡∏ö‡∏£‡∏ô‡∏î‡πå‡πÄ‡∏Å‡πà‡∏≤‡πÅ‡∏•‡πâ‡∏ß‡∏´‡∏±‡∏ô‡∏°‡∏≤‡πÉ‡∏ä‡πâ‡πÅ‡∏ö‡∏£‡∏ô‡∏î‡πå‡∏ï‡∏±‡∏ß‡πÄ‡∏≠‡∏á‡∏î‡πâ‡∏ß‡∏¢‡∏Å‡∏≤‡∏£‡πÄ‡∏•‡∏∑‡∏≠‡∏Å‡∏û‡∏£‡∏µ‡πÄ‡∏ã‡∏ô‡πÄ‡∏ï‡∏≠‡∏£‡πå‡∏ó‡∏µ‡πà‡∏à‡∏£‡∏¥‡∏á‡πÉ‡∏à ‡πÉ‡∏ä‡πâ‡πÄ‡∏≠‡∏á ‡πÉ‡∏ä‡πâ‡∏à‡∏£‡∏¥‡∏á‡πÅ‡∏ö‡∏ö ‡∏Ñ‡∏±‡∏•‡πÅ‡∏•‡∏ô-‡∏û‡∏µ‡πà‡∏à‡∏≠‡∏á ‡∏≠‡πà‡∏≤‡∏ô‡∏ï‡πà‡∏≠ : https://t.co/lU9UDf7Dp7 #‡∏Ñ‡∏±‡∏•‡πÅ‡∏•‡∏ô‡∏û‡∏µ‡πà‡∏à‡∏≠‡∏á #CullenHateberry #‡∏Ñ‡∏±‡∏•‡πÅ‡∏•‡∏ô #‡∏û‡∏µ‡πà‡∏à‡∏≠‡∏á #LaRoachPosay #Jerhigh #SamsungS24 https://t.co/vT3C2eDL0y","1785511965365837841","https://pbs.twimg.com/media/GMZmI8HaMAAXHxb.jpg","","th","","0","0","8","https://x.com/theoptimizedco/status/1785511965365837841","1186902474541555712","theoptimizedco"
"1819417720376725751","Fri Aug 02 16:59:22 +0000 2024","1","Samsung Galaxy S24 Case - Blue [Limited Edition] Only 100 Cases in the World COVERT Series #Ghostek #SamsungGalaxyS24 #GalaxyS24 #S24 #SamsungS24 #S24Case #GalaxyS24Case #SamsungGalaxyS24Case https://t.co/26UH68w1L0","1819417720376725751","https://pbs.twimg.com/media/GT_ev8GWAAYwpsa.jpg","","en","Brooklyn Army Terminal, NYC","0","1","0","https://x.com/GhostekProducts/status/1819417720376725751","763406203816910848","GhostekProducts"
"1777607379179258019","Tue Apr 09 08:00:00 +0000 2024","0","We've secured fantastic offers on select Apple and Samsung phones. Check them out and order them now! PS: MOQ is 10 https://t.co/Qyo9XiTC14 #SmartphoneDeals #iPhone13 #iPhone13ProMax #iPhone12Mini #SamsungS24 #BulkOrders #TechDeals #UsediPhone #UsedSamsungphones #Wholesale https://t.co/BeenCprcdP","1777607379179258019","https://pbs.twimg.com/media/GKpQsAOW0AAeF1l.jpg","","en","Los Angeles, CA","0","0","0","https://x.com/ezewholesale/status/1777607379179258019","282339448","ezewholesale"
"1763883158624141740","Sat Mar 02 11:04:51 +0000 2024","9","ŸÖÿπ ÿ®ÿØÿßŸäÿ© ÿ¥Ÿáÿ± ŸÖÿßÿ±ÿ≥ SAMSUNG ÿ™ŸÇŸàŸÖ ÿ®ÿ∑ÿ±ÿ≠ ÿ™ÿ≠ÿØŸäÿ´ ÿ£ŸÖŸÜŸä ÿ¨ÿØŸäÿØ ŸÑÿ≥ŸÑÿ≥ÿ© ŸáŸàÿßÿ™ŸÅ Galaxy S24 ŸÑÿ¨ŸÖŸäÿπ ÿßŸÑÿ∑ÿ±ÿßÿ≤ÿßÿ™ ÿßŸÑÿ´ŸÑÿßÿ´ÿ© ÿ™ŸÖ ÿ•ÿµÿØÿßÿ± ÿßŸÑÿ™ÿ≠ÿØŸäÿ´ ŸÑŸÑŸÖÿ≥ÿ™ÿÆÿØŸÖŸäŸÜ ŸÅŸä ÿ£Ÿàÿ±Ÿàÿ®ÿß ŸàŸÉŸÜÿØÿß ŸàŸÖŸÜ ÿßŸÑŸÖÿ™ŸàŸÇÿπ ÿ£ŸäŸÜ Ÿäÿ≠ÿµŸÑ ÿπŸÑŸäŸá ÿ¨ŸÖŸäÿπ ŸÖÿ≥ÿ™ÿÆÿØŸÖŸàÿß Ÿáÿ∞Ÿá ÿßŸÑÿ≥ŸÑÿ≥ÿ© ŸÇÿ±Ÿäÿ®ÿßŸã ‚Äç #Samsung #SamsungS24 #SamsungS24ultra https://t.co/poJVbcg4zV","1763883158624141740","https://pbs.twimg.com/media/GHqSYOdXsAAIC51.jpg","","ar","saudi arabia","0","1","3","https://x.com/majedandroid/status/1763883158624141740","482780819","majedandroid"
"1775154356318527806","Tue Apr 02 13:32:33 +0000 2024","1","Update status saat lebaran semakin glowing. Yuk sebelum THR dan barangnya abis. DM yaa #samsungS24 https://t.co/CFN6Qe95U0","1775154356318527806","https://pbs.twimg.com/media/GKKdd39aIAAqCaY.jpg","","in","Jatibening ","0","0","0","https://x.com/maretayohana/status/1775154356318527806","74135813","maretayohana"
